"tSNE1","tSNE2","Result","HadRain","Precipitation","TotalGoals"
6.71544786930539,23.3665007820086,"H",FALSE,0,4
19.5375190140887,-3.39053511023218,"H",FALSE,0,6
19.8716272206133,-5.66864418773424,"H",FALSE,0,4
16.9164460932891,-5.33988342290405,"H",FALSE,0,2
19.0805044409774,-0.573477592799449,"A",FALSE,0,1
8.5814859999334,12.573582844649,"H",TRUE,3.8,8
11.505743903559,-4.17363394567258,"D",TRUE,3.8,4
11.7901768564676,-3.31689886575528,"H",TRUE,0.4,5
7.55308216732867,-14.810070717313,"D",TRUE,0.8,2
16.1869306545772,-15.288408654125,"D",TRUE,0.8,4
19.705591236693,-0.957625926241975,"H",FALSE,0,1
-4.06314788961925,15.5219781217488,"H",FALSE,0,3
-3.47899016600396,-2.99881623264347,"H",FALSE,0,1
-13.9146092033755,9.9492047177279,"A",FALSE,0,2
11.3939464671071,0.154595901703534,"D",FALSE,0,2
19.2658666820599,-7.29702107457852,"D",FALSE,0,0
10.3448956989146,-2.70014227503033,"D",TRUE,5.4,4
6.61295780331574,-17.9055212007616,"D",TRUE,5.4,2
-20.74179020196,-3.43339377498035,"H",TRUE,10,1
-20.8728589965821,-2.74213524345865,"H",TRUE,10,3
-8.00978731039119,-1.19516320015944,"H",FALSE,0,1
-10.3352727195897,-10.3012048204862,"H",TRUE,0.2,1
0.970779210224262,24.3895350025671,"H",TRUE,0.2,7
4.75593794701659,13.5833352536169,"H",TRUE,0.2,4
-3.74016156294659,-16.6094656267473,"A",TRUE,0.2,3
-0.859171112428608,23.5356764014567,"H",TRUE,7.2,5
-14.8487740528001,-8.23910971981571,"H",TRUE,7.2,3
-15.6298690472511,-9.27872244256305,"H",TRUE,7.2,1
-2.95795302075081,-9.54649940012852,"H",FALSE,0,2
5.73337653602627,-9.41445612281696,"H",FALSE,0,3
-18.6483595596961,4.85109724234742,"D",TRUE,8.8,0
-2.49994635460504,24.1122478146145,"H",TRUE,8.8,5
3.81107877050931,-21.326075932934,"D",TRUE,0.2,2
-10.6573178036576,-15.5483905751317,"H",TRUE,3.2,2
-1.44941023602617,-4.02844791908641,"H",TRUE,0.8,3
-18.9639231543359,-6.20524503983394,"A",TRUE,6.8,1
-11.0865201317656,-15.8178926325172,"H",TRUE,6.8,3
-12.3049264310699,15.2648830452927,"H",TRUE,0.2,1
-6.56872688100424,-8.57100581907036,"H",TRUE,0.2,1
-17.3996570771513,-4.07003452990392,"H",TRUE,7.2,3
4.16391548133597,16.9724654571045,"H",TRUE,2.4,5
7.33285142633795,11.4218064388316,"D",TRUE,2.4,6
2.65096609934515,15.4768847113338,"H",TRUE,2.4,5
-7.6487722267478,-13.2020969308868,"D",TRUE,2.4,2
-7.62892306490303,-16.6379938549421,"D",TRUE,2.8,2
-9.80430432213914,6.81488977537412,"H",TRUE,2,1
0.279458828873281,13.8517872528842,"H",TRUE,2,3
-8.27979534816623,-19.8159484904952,"D",TRUE,2,0
-3.60783736126877,20.9661001109029,"H",FALSE,0,7
7.60351440437568,16.8360133488562,"H",FALSE,0,5
4.6957694720785,0.982254105343447,"D",FALSE,0,4
-6.56279600857594,-10.8249133469869,"H",TRUE,3.2,1
-8.72563812414893,-13.3346915713913,"H",TRUE,3.2,1
7.28787140583731,12.5793845784329,"H",TRUE,3.4,6
-1.70654843945984,2.87363154210452,"D",FALSE,0,2
3.05907991087935,-19.0544761433744,"A",FALSE,0,2
-2.67472391642707,9.24799821176953,"H",TRUE,3.4,5
-14.4109994004012,-4.89618932758126,"D",TRUE,3.4,0
-7.94823316949376,-12.2841809507574,"D",TRUE,4.2,2
-5.88722664535024,7.22785563876917,"H",TRUE,1.6,2
-8.84337952528382,2.9005871737024,"H",TRUE,1.6,3
-0.72356926736068,0.765939259858284,"H",TRUE,1,4
-7.53441239538676,9.28678750422257,"D",TRUE,1,0
-9.34258658937303,-14.4999498715927,"D",TRUE,6,0
-9.15743337716978,5.35196438249518,"H",TRUE,1,1
-7.72875222721626,-13.67500740339,"D",TRUE,1,2
-10.0860593581918,-9.04916110107945,"H",TRUE,0.6,2
-18.7565125479978,-0.72118134927424,"D",TRUE,8.8,2
0.491778608634686,-15.504087329541,"A",TRUE,0.3,3
-4.69597023178738,-13.694717245413,"H",FALSE,0,3
-1.07894231185339,-14.8233361615922,"A",TRUE,0.3,2
-10.1229710903845,-17.4491587203902,"A",TRUE,9.6,3
25.360443452193,-0.138917295026153,"A",TRUE,9.6,6
-17.2703657665831,1.29059830472024,"H",TRUE,9.6,3
-18.8355465087639,-6.10425189613748,"A",TRUE,9.6,1
-10.2989571446277,20.4825200180712,"H",FALSE,0,2
5.46091813369774,-20.8952168313891,"H",FALSE,0,3
4.72372360950582,-19.6267968587147,"A",FALSE,0,2
-9.41121286342991,-1.22213993553316,"H",FALSE,0,2
1.00678498033056,6.2229624695291,"H",TRUE,0.5,3
5.17076385385575,-3.90398345341664,"A",TRUE,3,3
-10.6079397768292,-5.73605316744951,"H",TRUE,3,1
1.89473643984609,16.0169338342093,"H",TRUE,3,4
2.33014092803533,-14.1384450152338,"D",TRUE,1.2,6
-0.603904108841169,-15.4642688970005,"A",TRUE,1.2,3
13.2318233070527,8.91677142817119,"H",FALSE,0,5
5.0611925924318,-14.4993203406363,"A",FALSE,0,1
3.29092108616509,-19.515821503607,"A",FALSE,0,2
-20.1394380564559,-3.75190867325254,"D",TRUE,10.8,0
-7.70928784686286,-14.1556886527641,"H",FALSE,0,3
9.91066019538954,-18.214209460349,"H",FALSE,0,3
17.8127155753312,-4.93715255175899,"H",FALSE,0,3
14.8491553979964,-4.08008689761602,"H",FALSE,0,3
6.31915512191019,-3.83724160091324,"A",FALSE,0,4
-11.0160921650219,-13.2621723563444,"H",FALSE,0,4
-22.4900728323746,-3.54295407827909,"D",TRUE,11.8,0
-18.7679578410915,1.85403431028577,"D",TRUE,10,2
12.9924339281797,-19.7094471467522,"A",FALSE,0,3
19.1322126252367,-5.13158683202106,"H",FALSE,0,2
6.90504779377383,23.6491429302799,"H",FALSE,0,4
18.825351853625,-8.63180618969344,"D",FALSE,0,0
12.88587726422,-14.0815107678552,"D",FALSE,0,0
14.3915675612222,-12.7000487915908,"D",FALSE,0,2
4.04689792798463,2.88930319305637,"H",FALSE,0,2
15.4049006828661,-13.7233031073886,"A",FALSE,0,4
14.374393276286,-8.24371102906958,"A",TRUE,0.2,5
-13.33761624332,18.4823641247525,"D",FALSE,0,2
1.5094156818947,-23.687044878037,"D",TRUE,0.2,4
5.43446227029529,-10.9036080509554,"H",TRUE,0.2,3
17.3411726298116,-16.2950406009253,"A",TRUE,2.2,8
-2.13928410276662,-3.8862316805643,"D",TRUE,4,2
-6.34425598408909,22.0162796177825,"H",FALSE,0,2
-13.2329342245286,16.2768771442188,"H",TRUE,3.8,4
8.58136925121011,12.3947768481199,"D",TRUE,4.6,6
-14.0971401873201,14.0398049102189,"H",TRUE,4.6,2
-21.970143247968,-2.12036204640441,"D",TRUE,14.8,2
11.6454362807754,-7.58387131255548,"H",TRUE,2.8,3
14.8074749887567,3.59664136669549,"H",TRUE,3.4,3
17.7826355979426,3.16715766702528,"H",TRUE,3.4,3
3.96439162032924,-9.49293936053029,"A",FALSE,0,2
9.16754456128343,9.71023319280429,"A",FALSE,0,6
3.32727508036796,0.691167550497619,"H",FALSE,0,3
1.53353353925328,0.685830963686133,"H",TRUE,0.2,4
-6.26799223851225,-16.3075704855945,"D",TRUE,0.2,2
-5.15963803576783,-0.656610872208363,"D",FALSE,0,0
-5.73372583412977,-16.9066632190466,"A",FALSE,0,1
-8.32416504864874,4.2820752010153,"H",TRUE,4.2,4
-8.00330903666735,-6.23524607462713,"D",TRUE,0.4,0
1.43346528184722,-3.00724364483827,"H",TRUE,3.8,5
-4.2180385392112,0.562716337687871,"A",TRUE,1.2,1
1.78970480812839,-9.84262593293938,"D",TRUE,1.2,2
-3.53819102788498,-11.8785356373749,"H",FALSE,0,2
3.73684829098102,-18.7077155192252,"H",FALSE,0,5
-4.6673735427907,-13.8321463961093,"H",FALSE,0,4
1.82770438699828,-16.3745533532817,"D",FALSE,0,2
7.4843652727686,16.791882032131,"H",FALSE,0,4
3.24839135923554,-7.94781321219774,"A",FALSE,0,4
6.12607521186991,-9.87337682146598,"A",FALSE,0,3
7.0556583742608,18.3730351592048,"H",TRUE,0.2,6
-4.75685328394755,-13.4197357415699,"H",TRUE,0.6,3
-0.57390905903182,-11.8836988640033,"D",TRUE,0.6,0
6.38534244921369,16.8652312306874,"H",TRUE,0.6,4
1.50776985939498,-18.3166002229901,"H",TRUE,0.2,3
-7.08617278079315,11.5392895194257,"D",TRUE,0.2,2
4.95107063431178,-0.794291596151882,"A",FALSE,0,5
2.23812565222707,-13.5554637590285,"A",FALSE,0,6
-1.87160258295267,-8.22759374358832,"H",FALSE,0,1
-7.29917216362649,4.52692279798765,"H",TRUE,0.4,3
-7.73236502973297,-5.73219531627749,"H",TRUE,0.4,1
-7.36996210454222,-13.4989728242775,"D",FALSE,0,2
-11.137527524508,7.60306133320834,"D",FALSE,0,2
0.0960102068544337,20.0972090478482,"H",TRUE,2.2,6
-9.97219351660637,-8.88440683247006,"H",TRUE,1,2
5.8015560914922,-5.88593376874899,"A",TRUE,1,4
-9.45708866710604,-7.3607217106429,"D",TRUE,0.2,2
-4.37279508049084,-5.01952885995979,"D",TRUE,0.2,0
-11.0674502749006,-8.55340571022268,"H",TRUE,0.2,2
5.05106750803693,-21.5269054893188,"H",TRUE,1.2,2
-1.56784759594055,-2.74019713935739,"H",TRUE,1.2,3
5.63651917986928,-8.77303800003959,"H",TRUE,0.2,5
4.82544045825692,-16.9149063521119,"H",TRUE,0.2,1
1.58598609415995,-16.1584580997618,"A",TRUE,0.2,2
9.58018148248253,5.00767839301318,"H",TRUE,0.2,3
-4.62387063531439,1.43793976729747,"H",FALSE,0,1
2.41663263908157,-3.8212410089711,"H",FALSE,0,5
-7.74360563006796,9.54989088379262,"H",FALSE,0,1
-1.90982935541029,19.5694295213907,"H",TRUE,0.2,4
-16.7241602854229,3.15237356818046,"H",TRUE,9.2,4
26.0866939380203,-0.745053923210243,"A",TRUE,9.2,8
-16.5826242312528,-2.96866775787163,"A",TRUE,7.6,1
-0.52155099718256,-15.6842937057147,"A",FALSE,0,2
11.839709270864,7.64580696046018,"H",FALSE,0,3
4.25666078034824,-15.1576664721243,"H",FALSE,0,3
12.7675173893649,7.63999424463471,"H",FALSE,0,4
-4.22758623121842,-4.74797215036692,"A",FALSE,0,1
-11.0270598202773,-11.8744615968711,"H",FALSE,0,3
17.9699577156729,-4.56332888630071,"H",FALSE,0,3
11.9538175657884,6.10158658011799,"H",FALSE,0,3
12.4402280877856,-9.04616657024891,"H",FALSE,0,2
4.57501155982013,1.80828670727808,"D",FALSE,0,2
4.47752845872352,-14.2835419058228,"A",FALSE,0,3
3.83501902377773,-11.6077477650058,"H",FALSE,0,3
-3.45641938842245,5.4710577445825,"H",FALSE,0,2
14.6485829557117,6.03260805120048,"H",FALSE,0,3
-2.86518963733457,5.38827285694689,"H",FALSE,0,2
-20.0339458172018,-4.30267964266091,"D",TRUE,8,0
-18.7921588764295,-3.44251982692459,"H",TRUE,8,1
10.4472601612306,12.6598323825795,"H",FALSE,0,7
11.090030357914,-5.24596991880598,"A",FALSE,0,4
-0.679886355978285,8.84165444754229,"H",FALSE,0,3
13.292519941126,2.90696132954535,"H",FALSE,0,2
16.1582392051994,-15.7647915605233,"D",FALSE,0,4
12.9467633103808,-13.7976764314165,"H",FALSE,0,1
15.6934249016047,-13.9296235399815,"D",FALSE,0,4
9.13159502658613,-22.6188321020807,"H",FALSE,0,7
18.8176315754649,-1.26829457601061,"H",FALSE,0,3
16.1688638872662,-9.54958721124483,"A",FALSE,0,2
10.7148651614219,-17.6367825040119,"D",FALSE,0,2
18.556011752491,-4.87007604968406,"H",FALSE,0,3
17.2389698770582,-9.39760783070354,"A",FALSE,0,1
-13.3411066992033,-11.1146685106102,"H",FALSE,0,3
16.3615702132188,-15.1124824577378,"H",FALSE,0,5
12.8363910517539,-3.85180062544097,"H",FALSE,0,3
7.69718412782523,-15.7306732421215,"D",FALSE,0,0
17.9754614276898,-13.5044296298657,"A",FALSE,0,5
8.53200828473985,-6.30890188971542,"A",FALSE,0,3
5.01663809462443,-19.8326139674721,"A",FALSE,0,3
18.2758811578328,3.50263158578366,"H",FALSE,0,4
-1.24264861578283,-3.54365083267012,"H",TRUE,1.6,4
-12.8926767280232,10.8536462181672,"A",TRUE,2,3
9.55361553096169,-0.263472325804376,"H",TRUE,2,2
-4.65844382370332,-0.738798770558422,"A",TRUE,0.2,1
7.23692011099935,-17.685316101367,"D",TRUE,1.2,0
-18.659665804392,4.93198506347009,"H",TRUE,8.6,1
-16.6130071369424,3.64613743723709,"H",TRUE,8.6,3
-0.888498979501622,-24.2715326107493,"A",TRUE,1.4,7
3.38573754586445,16.9500604165074,"H",TRUE,0.8,3
-9.57102949821834,-8.23311944797757,"H",TRUE,0.8,1
-3.41397242754984,-5.57039455140638,"D",TRUE,2.8,2
-11.3515928203614,-15.459086174308,"H",TRUE,7.2,2
-14.1775797110005,-6.48397230644872,"H",TRUE,4.4,4
-1.81076015963294,15.0965643070655,"H",TRUE,4.4,3
-5.89647670283044,-3.43797169451327,"A",TRUE,0.8,1
-5.53372626616792,-14.3043219668306,"H",TRUE,0.4,4
-13.8072237606536,-2.15104702395118,"D",TRUE,6.6,2
-20.4406901771434,7.19010369605374,"H",TRUE,18,2
-21.8890550148193,1.49724953231594,"H",TRUE,18,2
-22.0833471964817,1.02282712745738,"D",TRUE,18,2
-19.542007593172,-2.84357434664498,"D",TRUE,11.2,0
-21.4348760193005,5.33077846477208,"D",TRUE,11.2,4
-19.8390645778601,-1.58761080509143,"D",TRUE,11.2,2
-10.3885864576823,6.93938644471544,"D",TRUE,5.6,2
-22.1696135774418,-0.301555103487298,"H",TRUE,16,5
2.3861489472203,-11.876144425109,"H",FALSE,0,5
4.80451646900322,-0.616347363379938,"D",FALSE,0,4
7.66785716203746,8.26481295524041,"H",FALSE,0,7
-0.0958115354003096,5.08988067949122,"H",TRUE,5.6,4
7.27065604351278,0.220433366180334,"H",TRUE,1.6,5
-5.23699577678252,-1.38736923539288,"A",FALSE,0,1
-5.15601264064692,-11.5155715228828,"H",FALSE,0,3
1.38214637002207,-11.3235161135035,"H",TRUE,0.8,3
-8.00126525027077,11.4256514967395,"D",TRUE,0.8,2
-1.07251802453274,-16.2041495918752,"A",TRUE,0.6,3
6.94002671348522,13.0106991508785,"H",TRUE,5.2,5
3.06232018604775,-8.85569791082727,"A",FALSE,0,3
-11.4903939116813,-4.40895344030325,"D",FALSE,0,2
-10.7711668178757,-6.41268929357384,"H",TRUE,1.6,2
-2.54659907083519,4.83259247384755,"H",FALSE,0,2
19.3397446970132,-12.8108815859964,"A",FALSE,0,5
8.14115851623797,20.8074067507806,"H",FALSE,0,5
-2.92395357750481,-11.0032891033968,"H",FALSE,0,2
15.2990669078866,-3.94843632014792,"H",FALSE,0,3
17.9071440809729,-4.91802923575426,"H",FALSE,0,3
6.45272544668165,3.54301116325023,"H",FALSE,0,1
3.77135021962895,-18.5718352083634,"D",FALSE,0,4
19.106269048772,-5.87683915724226,"D",FALSE,0,4
16.4475376808555,-9.52026563881095,"A",FALSE,0,2
14.4431771168993,8.10146552170846,"H",FALSE,0,5
15.2694011082705,-5.19472622824702,"H",FALSE,0,1
6.0654102558122,-13.9969544692024,"D",TRUE,0.4,2
24.7044071328079,-3.27816137775842,"A",TRUE,8,2
6.70735654016282,-15.6012014240745,"H",FALSE,0,1
-12.9751665435852,21.3198115084207,"A",FALSE,0,5
7.41562204600186,21.7064953257414,"H",FALSE,0,7
5.32776738449488,-21.07395319779,"H",FALSE,0,3
7.70057594421947,-5.55232415850995,"A",FALSE,0,4
10.6403485323414,-1.37400057271656,"H",FALSE,0,3
14.8270118503714,1.29645626283127,"H",FALSE,0,3
14.920929025552,1.038824614306,"H",FALSE,0,3
14.8890583022685,-18.4393596804645,"H",FALSE,0,2
14.4456677257155,-8.5170739916362,"D",FALSE,0,4
19.47262723675,-11.785129562383,"A",FALSE,0,3
17.2668027013601,-8.19847384356565,"D",FALSE,0,2
19.9070254321026,-3.18575933428389,"H",FALSE,0,6
17.6301661415181,-11.8676505138865,"A",FALSE,0,4
17.3106066511043,-13.7754276461624,"H",TRUE,1.2,5
-3.36541887255293,-2.93101285331884,"H",FALSE,0,1
-12.0346419563224,-6.95124664517922,"H",FALSE,0,3
7.85923627615902,2.25141901791188,"H",FALSE,0,3
-4.17599467503346,-9.27157506650292,"H",TRUE,0.2,1
6.14024456011798,-16.2360290659376,"D",FALSE,0,0
6.32661474961162,-18.1689307285611,"A",TRUE,4.4,1
-1.71910661723752,-3.07032803281692,"H",FALSE,0,3
5.05463825340818,16.7632705370177,"H",TRUE,1.2,5
-22.2637530679766,0.0807201865041174,"H",TRUE,18.2,3
-15.6481010598892,13.4319360961733,"D",TRUE,7.4,0
-16.3943210828876,-9.49932596158498,"H",TRUE,7.4,1
9.820478229166,15.9185560195129,"H",TRUE,0.2,7
-1.61411313527559,-18.1063752018861,"A",TRUE,1.4,3
-6.11363042207544,-9.84098194676544,"H",FALSE,0,1
3.04614440883059,-8.98066430974733,"A",FALSE,0,3
-8.48107260152722,4.63249027919536,"H",TRUE,1.6,3
-0.394649728047247,13.5616835414389,"H",TRUE,2.6,3
-8.30533066522072,11.3219633519189,"A",TRUE,2.6,1
-18.9718194917116,-6.17324700454215,"A",TRUE,7.4,1
-15.9031973622933,1.20577501915935,"H",TRUE,7.4,5
-2.57819040642047,23.7770116799494,"H",TRUE,7.6,5
-5.05565384144108,-12.2820405796516,"H",TRUE,0.2,3
3.63564024871205,4.20849093035773,"D",FALSE,0,0
-19.3818712099684,-0.753028462376614,"H",TRUE,7.6,3
7.21458345233477,7.57202887445472,"H",TRUE,1,7
-0.115811965257977,-10.5888293139406,"H",FALSE,0,1
-5.86694284983994,-10.3927809909663,"H",FALSE,0,2
1.09413576870425,-18.6662716804933,"A",FALSE,0,3
10.3669823035611,13.8966073184437,"D",FALSE,0,8
-7.00358407944129,14.4900051843197,"H",FALSE,0,3
-8.67208985753304,-13.0658541928006,"H",TRUE,2,1
-7.53160670523162,-0.22483542548243,"H",TRUE,0.2,3
-7.74663051507961,0.535651414954651,"H",TRUE,0.2,3
7.97615731077015,14.8734164242501,"H",FALSE,0,7
-8.08993650469104,1.36650149438533,"D",FALSE,0,2
-15.9649074095661,-3.95295684057167,"A",TRUE,4.6,1
8.38709278749346,-21.8184977353609,"H",TRUE,1.4,6
-7.7924267961704,-1.28046746670474,"D",FALSE,0,0
-7.92383056301798,-2.20267849999785,"D",FALSE,0,2
15.0487022990876,7.42444210428846,"H",FALSE,0,5
-2.88598848060029,1.74661454642125,"D",TRUE,4.4,0
12.606750947886,-4.73513131012119,"D",FALSE,0,4
-8.62442208059624,-12.1279299590622,"D",FALSE,0,0
-4.16365531635749,13.3960105788611,"H",FALSE,0,4
-5.78298732354293,18.9250916859904,"H",TRUE,1.4,1
19.5296255566706,-4.79550515126344,"H",FALSE,0,3
12.2077886550483,4.96240774906202,"H",FALSE,0,1
15.0574884434119,-18.1059276414497,"D",FALSE,0,2
-13.9352204266168,-12.6663607920051,"H",FALSE,0,1
21.9342221954036,-7.61766512857153,"A",FALSE,0,4
9.30627304348867,12.4690779369714,"H",TRUE,8.4,8
24.6636019788462,-3.46179634420124,"A",TRUE,9,2
3.20413041391629,8.0960840556946,"H",TRUE,10,3
14.994458599194,2.86760952903121,"H",FALSE,0,3
11.2408981428093,-15.4615368753457,"H",FALSE,0,1
7.75263527327244,-17.4627616303865,"D",TRUE,4.6,0
16.9117371703135,-14.2073460914698,"D",TRUE,1.2,4
14.3518530472559,-15.7741593903402,"A",TRUE,1.2,3
-4.29581653434388,0.81603356755918,"D",FALSE,0,0
-5.40618384517234,-4.05294441032052,"A",TRUE,0.7,1
-15.0055051545966,-7.05448301675172,"H",TRUE,3.6,4
-19.8509876573309,2.10089546298644,"H",TRUE,13.6,1
-2.36804524292483,5.3139400071073,"H",FALSE,0,2
-0.424121800332251,19.1563977638157,"H",TRUE,0.6,4
-1.60561117972957,23.0104102651119,"H",TRUE,10.8,4
-20.07527783191,1.29797212086173,"H",TRUE,10.8,3
25.4442037846232,-3.93109647280963,"A",TRUE,10.8,3
9.66418887620442,-2.97112054712553,"D",FALSE,0,4
-11.1646218384706,6.88190743307952,"H",TRUE,0.4,1
-8.08371797142113,-11.8326746091805,"D",TRUE,0.4,2
8.5911496698999,10.6358719360443,"A",TRUE,0.4,5
10.7619365526872,-21.9012507671071,"A",TRUE,0.2,9
-8.84758303176604,8.39498163733841,"D",TRUE,2.2,2
5.2406235631083,7.62570594390829,"D",TRUE,2.2,4
-3.22730509552858,-15.0900175561752,"A",TRUE,2.2,2
-7.92099767899014,-4.03680016005152,"H",TRUE,1.6,2
-5.2857438416521,-6.39042687210467,"H",FALSE,0,3
5.36210288237201,16.4436087250995,"H",FALSE,0,4
-6.77817817632842,-16.1955630352473,"A",FALSE,0,1
-6.7020315787737,-18.1563207346512,"D",FALSE,0,0
0.617340193904737,-5.19206926823433,"D",FALSE,0,4
-17.3555778606821,1.41203463699833,"H",TRUE,12,4
-2.47708630037612,25.1614052644096,"H",TRUE,12,6
-2.20860484665751,-8.33678498720036,"H",FALSE,0,2
0.62459887569595,-11.0131668247595,"H",FALSE,0,1
-5.86991507278653,11.548123030224,"A",FALSE,0,1
5.64522121673106,4.64415550736739,"D",FALSE,0,2
8.11913568513808,14.848546260952,"H",TRUE,1,7
-6.96722886194659,3.0628015911945,"H",FALSE,0,2
-9.88760196079242,4.71134953281054,"D",TRUE,1.4,2
-10.987352902792,-4.77480977833548,"H",TRUE,1.4,2
-3.02185900167464,-16.2163935000743,"A",FALSE,0,2
2.35073229627476,12.2900956501632,"H",TRUE,0.6,3
-6.26083771672642,-6.18668888058348,"H",TRUE,0.6,3
4.74107604001044,-16.9328888580515,"H",FALSE,0,1
3.81963101125796,-24.6473066493012,"A",TRUE,0.2,6
-5.51707398614641,-1.31710744067545,"A",TRUE,0.4,1
-2.10690691451589,16.3787219572623,"H",TRUE,0.4,4
-8.75083755027099,-5.50174112721793,"D",FALSE,0,0
6.75835125053027,15.925828360826,"H",FALSE,0,6
-7.20908792364389,-17.9646238406083,"H",TRUE,0.8,2
-6.58560023943356,13.2549209827613,"H",TRUE,0.8,2
-2.99071637986092,-8.1638081931954,"H",TRUE,0.8,3
1.15052547082055,-20.8513619885197,"D",TRUE,0.8,0
-7.78516676110384,17.5740809328624,"H",FALSE,0,1
5.88661058043894,23.2943842814653,"H",FALSE,0,5
16.078351559265,-3.52632826816198,"H",FALSE,0,3
4.71647869479204,23.169412750151,"H",FALSE,0,5
-7.60188867604691,21.1558689568093,"A",FALSE,0,1
1.0688950579309,4.9044862516047,"D",FALSE,0,2
10.3050285529341,2.34401921784531,"H",FALSE,0,1
6.4091007914305,7.78301887776601,"D",FALSE,0,6
-8.17886608052453,-10.9208686876336,"D",FALSE,0,0
-8.85324085492787,-6.80241805828881,"D",FALSE,0,2
3.67657078106282,11.9656338797744,"H",TRUE,0.2,4
-8.3232446471635,-16.5269532871981,"H",TRUE,0.2,1
-8.81792089082896,-13.3665058678404,"H",TRUE,2.8,1
6.06849359925836,23.409597088922,"H",TRUE,0.6,6
10.6657637568308,3.60240601994794,"H",TRUE,0.2,1
15.5612098900256,-12.7840078085817,"D",TRUE,0.2,4
14.1758978377747,-6.69718559127248,"H",TRUE,1.6,4
7.81641318227718,20.2855333185096,"H",FALSE,0,7
10.6962385165889,-10.7240310989485,"D",FALSE,0,0
0.653867789428059,-0.818102815796236,"H",TRUE,6.8,4
-1.1692401259789,4.04635245208127,"H",TRUE,0.4,2
16.6592429334764,-1.82566267788681,"H",FALSE,0,2
12.8223804232628,-13.6771317619163,"H",TRUE,0.6,1
0.206575787283803,20.4083005111067,"H",TRUE,8.4,5
-17.4472412336919,3.06841879275232,"H",TRUE,8.4,4
15.3971060482478,-17.4069174459366,"A",FALSE,0,2
11.6244999229162,-4.98188739193804,"A",FALSE,0,3
-13.6409201959958,-11.987200318175,"H",TRUE,0.2,2
-13.9252115301187,-12.5515847284541,"D",TRUE,0.2,0
-12.405882625041,-10.4530279584617,"H",FALSE,0,2
14.6182137122819,3.13122094427072,"H",TRUE,0.4,3
10.7027290809965,-12.7238833939477,"D",TRUE,0.4,0
-3.51593747940256,-3.32033369769898,"H",TRUE,2.8,1
-1.76780400720197,4.16497275505477,"H",FALSE,0,1
-8.43202278579434,-17.1860240976272,"H",FALSE,0,1
-19.8495305860492,-0.437961789449241,"H",TRUE,9.6,3
8.4386400010825,12.7298954653586,"H",FALSE,0,6
1.35122633413944,-23.5296002418442,"D",FALSE,0,2
2.13996327631609,0.921782860243491,"H",TRUE,0.2,4
-6.44346735857867,-9.3153098127159,"H",TRUE,0.2,1
-3.33897551508536,-11.3810602768867,"H",TRUE,0.2,3
2.54861609779069,-18.2865377834183,"D",TRUE,0.2,2
-0.684990750283014,12.8339026107089,"H",TRUE,0.6,3
-3.53235793107908,-15.9399028324475,"A",FALSE,0,3
-5.47838066621021,-0.654872131706581,"H",TRUE,0.8,1
7.16666086372042,11.4642999110855,"H",TRUE,0.8,5
-5.55142809185191,-10.3662035636912,"H",TRUE,0.2,1
1.19975033884287,12.8448995589492,"H",FALSE,0,4
2.19898623674301,-13.669903694583,"A",FALSE,0,6
1.0163797517257,-16.1248561807502,"A",TRUE,0.4,2
5.36434622722763,7.81532312228178,"H",TRUE,0.8,5
-4.92264913763681,-19.1871847321587,"H",TRUE,0.8,2
-3.8931974727694,-8.23508204761207,"H",FALSE,0,4
-1.11856646083328,-15.5677538510128,"A",FALSE,0,2
-7.20570149204352,-5.25565988628642,"H",TRUE,0.2,2
-5.11799961126456,-7.82495307401401,"H",TRUE,0.2,2
5.69214562399996,-6.83029861788795,"A",FALSE,0,4
-6.87955121222931,-16.261070373996,"D",TRUE,1,0
1.49136932006427,24.0313390091201,"H",TRUE,1,7
-7.54418766343176,18.2975192460251,"D",FALSE,0,0
1.03110261274578,-10.583989499218,"D",TRUE,0.2,2
-5.51063536112124,-14.424560412514,"H",FALSE,0,3
-8.30812627584386,12.9514218557578,"A",FALSE,0,5
-7.11763777527278,-5.86195249948264,"H",FALSE,0,2
-5.67202866320692,-10.5030558357863,"H",FALSE,0,2
2.4049732346401,0.91940856090173,"H",FALSE,0,4
-13.8572764825352,-2.02249033158303,"D",TRUE,6,2
3.77777631702043,15.7144266956421,"H",TRUE,0.2,3
-17.6372361524552,-4.87498836267621,"D",TRUE,8.6,4
9.60522531292736,5.02850044438329,"H",FALSE,0,2
0.144163790482993,-14.0692883959429,"D",FALSE,0,4
1.81252370074377,-14.8214500896497,"H",FALSE,0,5
-9.59085115378669,-3.11402541818458,"H",FALSE,0,3
-0.723783312573118,-5.47377059154442,"H",FALSE,0,3
-1.13990512891934,13.5471046069847,"H",FALSE,0,3
5.30562861039636,-1.62062491507286,"A",FALSE,0,6
-4.60231846557723,14.3513480538033,"H",TRUE,1.6,2
1.20278657611196,0.433638894698935,"H",TRUE,0.2,3
4.1063024591248,23.4530451246205,"H",TRUE,3.8,5
-2.98294319589837,2.13922699453849,"D",TRUE,1.6,0
-8.69253498118715,22.3008223246208,"H",FALSE,0,3
1.02547260814388,14.3853882112844,"H",TRUE,5,5
4.68593368932633,14.0910735586754,"H",FALSE,0,4
-6.64428799121482,-8.01904863748645,"H",FALSE,0,1
11.5365582114663,7.61006868439618,"H",FALSE,0,3
8.90644359487137,1.05466097472844,"A",FALSE,0,3
11.3934764805748,-9.43311333678717,"D",TRUE,0.8,2
9.59052091894305,-4.99569463407711,"A",FALSE,0,3
4.87305602740757,-22.1235314922082,"H",TRUE,0.8,3
-19.3412224834186,-3.18348782053185,"H",TRUE,10.2,1
-20.2333255549705,0.451063454031268,"H",TRUE,11.2,6
-19.4136444968261,1.82251834676665,"H",TRUE,11.2,3
-13.782585503418,18.1803134936307,"D",TRUE,2.6,2
17.6700112279577,-2.12692506277273,"H",TRUE,2.6,4
-13.4076793974205,-11.0984484178562,"H",TRUE,0.4,3
-6.93188947322221,22.3771687424346,"H",FALSE,0,2
25.4312766072533,-3.91170383635482,"A",TRUE,9.4,3
-13.2541362640551,-11.2320816863766,"H",FALSE,0,2
9.9650985295454,-4.19363777020888,"A",FALSE,0,2
-13.3170231705829,18.4611735218617,"D",FALSE,0,2
17.2299210467334,-1.66166501136624,"H",FALSE,0,3
12.548694100481,-13.6187558772232,"D",FALSE,0,2
11.4687896990922,0.184110399907377,"A",FALSE,0,1
11.7419538030785,-14.7748781466075,"H",FALSE,0,1
19.8407274788929,-0.701614347418512,"D",FALSE,0,0
16.0865127222455,-9.72654985481045,"A",FALSE,0,2
3.24909619652409,8.0205347415752,"H",TRUE,5,3
-14.4372624268368,-15.9446673391964,"A",TRUE,11.4,3
-20.7812516605699,3.05330182516509,"D",TRUE,11.4,2
10.5797993901383,-1.28712925585446,"H",TRUE,2,3
6.61662002813175,-13.7720554581912,"A",TRUE,2,1
10.6202681987678,7.5091647448563,"H",FALSE,0,3
7.59679893581688,-16.8063042676503,"D",TRUE,0.2,0
-10.1136172396688,18.9219905203636,"H",TRUE,0.2,3
-18.1838460704148,-1.72730439406027,"H",TRUE,7.4,1
-11.111887009745,16.7808447485846,"D",FALSE,0,2
14.1963949805861,-12.3695146036265,"H",FALSE,0,3
6.02771478594931,4.12951219722594,"H",FALSE,0,1
2.54915925559228,-15.6518599284829,"H",TRUE,0.2,3
5.88576072357243,-15.5012133914463,"H",TRUE,0.2,1
-1.00526008916846,11.2865495471157,"H",FALSE,0,4
-10.8836464929127,-10.1833795159547,"H",TRUE,0.8,3
-3.72602210790581,7.92285493175508,"D",FALSE,0,2
6.43615891236143,3.84910657423583,"H",FALSE,0,1
-19.3734568574566,-1.0837891861629,"D",TRUE,10.4,2
-19.6967963738772,-1.70426042271148,"H",TRUE,10.4,1
-21.0066865565967,-0.117757440932263,"H",TRUE,13.4,4
-13.7380090543309,-7.584592179592,"H",TRUE,5,3
-8.02959365442073,-1.77901217556815,"H",TRUE,1.4,1
-2.09831643310211,17.5907527593304,"H",TRUE,1.4,3
-18.792674054901,-2.55240198046183,"A",TRUE,7.8,2
6.98258319836938,18.0457821217862,"H",FALSE,0,6
-12.1567344173953,-3.27635113098661,"D",TRUE,3.8,2
-10.1419105980891,-5.70972427383404,"H",FALSE,0,1
4.4146998520901,-0.0507738951455153,"D",TRUE,0.2,4
7.21683265124723,-7.22038154846825,"A",TRUE,0.2,3
-7.02923253112265,-18.3109522327015,"H",TRUE,0.8,1
9.87101457837337,16.6312866667092,"H",FALSE,0,8
1.9460253429833,-3.83039288445988,"D",TRUE,0.2,4
-8.68423090718705,-3.12596985556245,"H",TRUE,0.2,3
2.65446992601963,-6.63248403225961,"A",TRUE,0.2,3
2.54239260100999,-3.87636370112057,"D",TRUE,0.4,4
-20.1826835617459,0.0610882696880481,"H",TRUE,12.2,3
-20.7044300784942,-0.732030699622996,"D",TRUE,12.2,4
-17.1970173038264,-3.00195736069283,"A",TRUE,12.2,1
-19.4525021328236,-2.34017316804135,"A",TRUE,12.2,1
-1.13234327719162,11.4850107790437,"H",FALSE,0,4
3.3106913370523,-7.25527343857163,"A",TRUE,1.8,4
-0.122232027430386,2.57162255844549,"H",TRUE,1.8,4
3.61121192877955,-24.515392600096,"D",TRUE,1.8,6
8.75391163506936,9.32198521652047,"A",FALSE,0,5
0.913242568991169,5.83884116612458,"H",TRUE,0.2,3
3.59891203110623,-5.43893195295219,"A",FALSE,0,3
-4.18903313849609,16.8563690301123,"H",FALSE,0,3
10.1091332189891,-7.94986723288825,"A",FALSE,0,1
1.51846685520247,-13.0715585090476,"A",FALSE,0,4
0.652929104782506,14.3034691971122,"H",TRUE,6,3
-14.2179468695387,6.24555703640479,"A",TRUE,6,1
-2.31275452449609,-22.2006466893575,"H",TRUE,5.8,3
-14.8342899305901,-7.08674253341257,"H",TRUE,5.8,4
2.3048397465438,13.6356679167474,"H",TRUE,5.6,5
-10.4838607751393,11.5142383209774,"H",TRUE,0.4,3
-1.03481317977566,-23.5339362345149,"A",TRUE,10.4,7
11.19904264233,7.90063185388404,"H",TRUE,1.2,3
3.0195298383921,14.6426370499558,"H",TRUE,1.2,4
-2.97015561935696,-10.732331669181,"H",TRUE,1.4,2
10.623335409377,3.03703323838208,"H",FALSE,0,1
-12.1216835011843,19.9922162536566,"A",FALSE,0,1
6.75046552951372,-15.7941710625402,"H",FALSE,0,1
11.7253156638049,-11.2835833442751,"D",FALSE,0,0
15.2208338480921,-0.998790913327329,"H",FALSE,0,3
12.6437768969735,7.36488178257898,"H",FALSE,0,4
12.0537113309609,-21.2264661275673,"A",FALSE,0,5
10.6673308460161,-17.5505759451874,"D",FALSE,0,2
14.4269297129808,-10.3659330622302,"D",FALSE,0,4
15.5739409604171,-5.03517060599202,"H",FALSE,0,1
18.2979623867935,3.12781319980349,"D",FALSE,0,4
13.1927667657628,-7.73684536801985,"H",FALSE,0,4
6.29306903934895,-20.784519027826,"H",FALSE,0,4
-8.52277771395905,-16.1998388309176,"D",FALSE,0,2
15.6119018521696,-7.34867941801178,"A",TRUE,3.2,2
-13.042220365128,-4.42327360709859,"D",TRUE,4,0
-0.874725861824458,-1.65170360179813,"D",TRUE,5.8,2
-18.4259432746074,-0.450666978941649,"D",TRUE,7,2
-18.1906672457175,-4.33957112782216,"H",TRUE,7,3
17.8355663038727,-10.2815045541997,"A",FALSE,0,2
-13.2395199044279,18.3157398263939,"H",FALSE,0,3
10.3959141835442,11.0808119284283,"H",FALSE,0,5
11.3699682288066,-4.45373997223856,"A",TRUE,6,4
-0.556136844895366,23.1527855951069,"H",TRUE,5.8,4
12.3293449075894,4.96227006396842,"H",FALSE,0,1
19.632109650475,-5.76711688277773,"H",FALSE,0,1
18.0985004745442,-8.33906181745037,"D",FALSE,0,2
10.9586562280299,-1.22968019674357,"H",TRUE,0.4,4
16.8294812647763,-5.34775079540287,"D",TRUE,0.2,0
13.0784894954553,-19.7064124266472,"A",TRUE,0.2,4
15.9035981160672,-3.78150183720853,"H",TRUE,0.2,3
4.79751211915743,18.6871746966109,"H",FALSE,0,5
6.17518378059448,10.1334881690879,"D",TRUE,5.4,8
6.98188973019603,12.3031795357821,"H",FALSE,0,5
7.57364464346048,3.15525160886188,"H",TRUE,0.2,2
3.60292766195567,-12.1807819047584,"H",FALSE,0,4
9.56768272309602,17.8916264204214,"H",FALSE,0,6
-1.51902963504855,-22.5954779097148,"A",TRUE,6.2,3
17.2874521194854,-13.1437650980243,"D",FALSE,0,4
6.62962198890465,-14.8897864197442,"D",TRUE,0.2,2
-8.28336453500663,1.38008026986342,"D",FALSE,0,2
2.78705841052374,15.7647243320949,"H",FALSE,0,4
-6.35047835600727,-5.64420568954991,"H",FALSE,0,2
-8.04699104333143,-19.7263568204448,"D",TRUE,0.2,2
-3.87697542245563,-21.7986614835278,"H",TRUE,1,1
7.13646608289823,11.2811277339393,"A",TRUE,2.4,5
-16.341434844313,5.07024420530662,"H",TRUE,6.8,2
-9.45798202050915,-2.47053202405415,"H",TRUE,2.8,3
-2.50863778510456,-17.1474208593389,"A",FALSE,0,2
2.54514283141109,-21.0744751389347,"H",FALSE,0,1
-0.462652294966317,-5.48502590439161,"H",TRUE,0.4,3
12.0484514080804,12.8441861201789,"D",FALSE,0,8
5.89659331588294,16.8733019273775,"H",FALSE,0,6
-8.77689551595787,11.8706107619187,"D",FALSE,0,2
-9.65757962002609,11.5769293426211,"H",FALSE,0,3
10.080763778472,14.0711240005092,"H",FALSE,0,10
1.55883418898363,-10.388883859669,"H",FALSE,0,3
-3.34475898986729,18.0517157428001,"H",TRUE,0.4,2
-10.1081411049831,11.4520137109846,"D",TRUE,1.4,2
-4.33285886958177,-12.4148447717857,"H",TRUE,1.4,2
5.66131696736305,-9.0974402042934,"H",TRUE,1.4,3
-9.68969763916008,-0.86208030505192,"H",FALSE,0,2
-13.4333825915922,-7.46941610389713,"H",TRUE,3.8,3
-2.07336568651598,3.25006090727604,"H",FALSE,0,1
-3.71256116422282,-9.29113098845364,"H",FALSE,0,1
2.71221939728024,-18.4061890780686,"D",FALSE,0,2
7.55498686065226,4.59288766615286,"D",FALSE,0,2
9.56979295627647,-15.2664693551045,"D",FALSE,0,0
7.65753441217677,2.73975543586606,"H",TRUE,0.2,2
8.81966273014299,1.26891789845935,"D",FALSE,0,2
7.47269978001959,-5.88033173050294,"A",FALSE,0,4
-2.4522370697557,24.9862496045521,"H",TRUE,11.8,4
7.42188509946249,15.4185956067325,"H",FALSE,0,7
-19.8163452334771,5.20383058660625,"D",TRUE,14,2
-20.8774651363499,0.879714690465287,"H",TRUE,14,3
7.36364126545878,8.66219503176014,"D",FALSE,0,8
-1.02921319529792,13.3368484353517,"H",TRUE,1,2
-11.1664800230694,-1.77476132696947,"H",TRUE,0.8,3
-3.18279661630412,0.338226297297289,"H",FALSE,0,1
7.59643759193915,-4.64439382064353,"A",FALSE,0,5
-16.9752145727683,-4.19048934320022,"D",TRUE,5.2,2
-0.794536181976936,-8.03340723791204,"A",FALSE,0,1
5.92647258764056,2.21205686317717,"D",TRUE,1.6,2
7.70539946816622,4.69055756148004,"D",TRUE,0.2,2
-5.70537972314644,14.2375047485017,"H",TRUE,0.4,2
-9.56095849605032,-3.49232077145062,"H",TRUE,0.4,3
16.7053374974187,-3.09733090712732,"H",FALSE,0,3
-12.5641537605682,19.3724380178072,"D",FALSE,0,2
15.7223814438491,-2.50236779163873,"D",FALSE,0,4
-3.73194297773959,-3.23177244881885,"H",FALSE,0,1
18.555336934479,0.320955140628621,"D",FALSE,0,2
17.524324303715,-9.71996184795243,"A",FALSE,0,2
17.7720885199796,-0.0890050323731911,"D",FALSE,0,4
-6.3938582419949,21.3872352632476,"H",TRUE,0.4,1
12.9324661192658,-3.97334151174748,"H",TRUE,0.4,3
-0.856582284137304,22.4938297597785,"H",TRUE,5.6,4
-13.1718769424608,10.7377226827174,"A",TRUE,2.6,3
7.20811322313519,24.1042974843309,"H",TRUE,4.6,3
19.8414949054915,-2.76664990209151,"H",TRUE,4.6,5
-22.5365377747883,-3.38678798392848,"D",TRUE,13.4,2
-13.5741779789761,10.3988793000326,"A",FALSE,0,3
13.0874902143274,-8.55205907678131,"H",FALSE,0,4
2.1426953020554,6.13642655658222,"D",FALSE,0,2
11.4209570287983,-12.3428470317425,"D",FALSE,0,0
-12.7291360447688,10.7078710968367,"A",TRUE,0.2,3
-5.59432974077835,20.2055019617143,"H",TRUE,7.2,2
-16.8343794958986,10.8883392859153,"A",TRUE,7.2,1
-1.25681316750758,-22.8933122401681,"A",TRUE,7.2,4
-0.834305601102416,18.8801960526941,"H",TRUE,0.2,4
-6.37289287600972,-20.8163507184012,"A",TRUE,2.8,1
0.953659118913261,16.691268891961,"H",TRUE,2.8,2
-2.36419110587841,-16.070858503764,"A",TRUE,2.8,2
7.77764071869226,8.4007679940387,"D",TRUE,0.2,8
-2.57861757989722,25.2767801237086,"H",TRUE,13.6,5
-21.7896144170183,-1.36637909425176,"H",TRUE,13.6,3
-11.778490582276,-15.2275411342695,"H",TRUE,5.2,3
5.86149646593656,-3.05126639119428,"A",TRUE,5.2,4
6.12956575740699,-4.85996531620276,"A",FALSE,0,2
-3.32564367380227,-2.42372787018888,"D",FALSE,0,0
-7.54016864267092,18.1100387366503,"D",FALSE,0,0
-14.2648560635382,-2.46073418832141,"H",TRUE,6.6,1
-4.79671064992124,-16.008501969355,"A",TRUE,3,3
-15.3902388613599,-3.81181640929324,"A",TRUE,3,1
-1.66175173023812,-9.0298237314707,"H",FALSE,0,1
-2.44150224830206,-17.0930923225784,"A",TRUE,2,2
-23.3183106120181,1.33062145123833,"D",TRUE,24.8,0
-9.69093725431012,3.71013491216232,"D",FALSE,0,2
-8.8765676984368,11.9865238115568,"A",FALSE,0,1
-10.7746586014202,-12.0905115834004,"D",FALSE,0,2
-4.61073146440665,17.106260467462,"H",FALSE,0,2
6.0371513577085,2.69736878125618,"D",FALSE,0,0
-8.58386706084615,8.18591081925478,"H",FALSE,0,1
1.46463418052574,-11.3561511901747,"H",FALSE,0,3
-9.04391388860035,-4.81900818658411,"H",TRUE,0.2,1
-11.2729736540117,22.9210444859803,"H",TRUE,11,3
-11.3913887773599,23.0989080421309,"D",TRUE,12.6,2
-21.1975639195199,-0.826480895112681,"H",TRUE,12.6,4
0.38058588996844,4.97357605286888,"H",TRUE,4.4,4
-3.62250055013208,18.2166619269211,"H",TRUE,2.2,2
-7.41537468232121,17.410132673833,"H",TRUE,2.2,2
-9.29064028744833,6.87268077350945,"D",FALSE,0,0
-9.07560646167974,7.46313565595269,"D",TRUE,0.4,0
-14.57274939197,-2.7263712020724,"D",TRUE,5,0
-15.6506290526006,-4.99266162900348,"A",TRUE,5,1
-4.30078255991499,3.37072778257812,"D",FALSE,0,0
-7.8311975739205,9.86558038559552,"D",FALSE,0,0
-9.17913525660328,4.06673402945094,"H",FALSE,0,3
-10.0792273247049,-4.87523198100597,"H",FALSE,0,1
11.290562612494,8.91672483449924,"H",FALSE,0,4
2.64675796332179,16.8673101866558,"H",FALSE,0,4
10.4723401538401,3.56896370323466,"H",FALSE,0,1
11.2984770579506,-10.7329669994754,"D",FALSE,0,0
8.93059372951594,-14.9969217934344,"H",FALSE,0,1
7.78856064325477,3.0214440511077,"H",FALSE,0,2
-2.49611946566449,4.86610681962773,"H",FALSE,0,2
7.61389195852967,12.2174994170251,"H",TRUE,2.8,7
-7.89206427482022,5.85736108940179,"H",TRUE,2.8,1
-5.27078413694171,17.0685507185204,"H",FALSE,0,1
10.7573924676526,3.39417385402895,"D",FALSE,0,0
10.726419769884,-9.36096415321164,"A",FALSE,0,1
11.9242494427437,5.78271905086187,"H",TRUE,1.4,2
14.034282136603,5.57692457239239,"H",FALSE,0,4
11.8759334416496,5.13267490787665,"H",FALSE,0,1
13.567917147852,-16.4898695711875,"A",FALSE,0,3
19.0825418360067,-12.5999448197677,"A",FALSE,0,5
9.15478898674187,-0.714436851513422,"H",TRUE,1,3
0.389286487168131,17.4685467847805,"H",TRUE,3,2
6.24892206556617,22.1368600035278,"H",FALSE,0,5
19.4924262720738,-5.67283943508041,"H",FALSE,0,3
-13.6316369337031,16.3248641064719,"H",FALSE,0,3
16.6696195381794,-2.06667163876918,"H",FALSE,0,3
5.26862115177176,23.3056269264075,"H",FALSE,0,5
20.137885579611,-8.86239438290885,"A",FALSE,0,3
-9.43516304222024,21.4565854932833,"H",FALSE,0,3
2.34296644504092,6.72193717525418,"H",FALSE,0,3
15.7434225531413,-13.1552812166676,"A",FALSE,0,4
2.56322450764328,21.9480338596982,"H",FALSE,0,4
16.5136356160261,-16.2166994923871,"A",FALSE,0,5
-9.41567310355217,21.0606583027143,"H",FALSE,0,3
7.28346771102174,20.5196912774077,"H",FALSE,0,5
1.61169591570732,24.5035147505822,"H",FALSE,0,8
-11.3439537269918,-7.66237682836195,"H",FALSE,0,2
-0.738859674470399,7.87388619833949,"D",FALSE,0,4
-1.32289219236673,17.9369076676897,"H",TRUE,0.2,4
0.63808046264224,23.1731978229356,"H",TRUE,0.2,5
-6.89722970568548,21.0602876042109,"A",TRUE,0.2,1
15.6477282967654,-14.5055693127909,"D",FALSE,0,4
-0.0283999047203034,18.3170475075853,"H",TRUE,2.2,3
1.77769603477498,-10.057471854178,"H",TRUE,0.8,3
-2.6685238982136,-9.73196950810207,"H",TRUE,1.2,2
-10.3443258584248,-4.62554410049986,"H",TRUE,0.2,1
3.54586296551967,-4.2791625276605,"A",TRUE,0.2,3
-1.924955925741,24.5445842043435,"H",TRUE,9.6,4
0.596755907922097,25.1000901241425,"H",TRUE,8.4,10
-23.1771759053101,-0.912351431985753,"H",TRUE,18.8,8
-24.3869856840235,0.523162003077438,"A",TRUE,26,3
-16.5676738335238,4.99286868387642,"H",TRUE,10.2,2
24.7665420900348,-0.686142946748959,"A",TRUE,10.2,4
8.31583092034256,8.96579691023328,"D",TRUE,0.2,6
5.64686165326694,2.47361815616024,"A",TRUE,0.2,1
-7.08185117060342,14.3076429751228,"H",TRUE,4.2,3
-6.13395527949479,6.78632199842159,"H",TRUE,4.2,3
-2.90098792470436,11.3640958390234,"H",TRUE,1.2,3
2.34830023384133,-20.6293117432474,"D",FALSE,0,2
-5.18511030995528,-7.19655817172813,"H",TRUE,0.2,2
-1.9797873254333,10.7086558451888,"H",FALSE,0,3
-7.26697218842093,12.0842347030232,"H",TRUE,0.6,3
-4.38739524489794,9.72789523084152,"H",TRUE,0.6,2
0.168258144716258,-5.52670411225965,"D",FALSE,0,4
-0.535597514087218,26.0433956296473,"H",TRUE,9.4,9
-16.7655640889291,10.953539658739,"D",TRUE,9.4,0
5.02880019731831,7.80266305886295,"H",TRUE,3.4,6
-8.56332910973866,7.82966387813034,"H",FALSE,0,2
-3.17299297993933,19.4045551227449,"H",TRUE,0.4,3
-1.05823210572113,-8.21497415904209,"D",FALSE,0,0
4.24657548042273,-3.53966088779387,"A",FALSE,0,4
-7.87620325348462,18.2010862035975,"D",FALSE,0,0
-8.83227339324386,-9.89168977351818,"H",TRUE,0.4,2
-6.5002315403801,-17.8707496038796,"H",FALSE,0,1
-7.00079505508533,-4.96936209897954,"H",FALSE,0,2
-3.19730448582284,11.398007570483,"H",TRUE,1,2
-2.28201403857456,10.6354468008475,"H",TRUE,1,3
-24.3652494449748,-1.08577849090018,"A",TRUE,20.2,6
-8.37744892780791,-3.29582491898153,"H",TRUE,4.2,3
-1.90073520710679,13.3641028729862,"H",FALSE,0,4
3.08953435029358,-8.83044070106858,"A",FALSE,0,3
-3.56686199482477,20.381856657958,"H",FALSE,0,5
2.4160229972381,0.720375647014117,"H",FALSE,0,4
-8.99026386856741,-8.70132373926216,"H",TRUE,3.4,2
5.38720106804376,-3.24680215436841,"A",TRUE,1.2,4
9.58583079665868,17.7944068902651,"H",FALSE,0,8
-5.01794885415924,13.7648566283698,"H",FALSE,0,2
-5.431356713273,-1.20445740784617,"A",FALSE,0,1
-7.72378675150286,17.7781853176886,"H",TRUE,1.2,1
11.8721707080408,-10.9333551160832,"H",FALSE,0,1
8.5936902659668,3.00652061234353,"H",FALSE,0,1
-10.8411321487391,-3.98489375183221,"H",FALSE,0,3
-3.65535222087092,5.67181759005724,"H",FALSE,0,3
10.5631216753539,-15.8515869552763,"D",TRUE,1,0
13.959870109095,-8.70162358329378,"H",TRUE,1,5
1.25475300186995,23.9190795592196,"H",TRUE,0.4,7
-13.838617828764,14.564888185049,"H",TRUE,5.8,1
5.49478147829636,15.738229390192,"H",TRUE,0.4,4
9.08453032344296,18.31041673534,"H",TRUE,0.4,8
-9.61166985277784,-3.92088518024982,"D",TRUE,0.4,2
-3.01817670124603,25.3949731567673,"H",TRUE,12.8,6
-15.9959937812385,13.8251696978666,"D",TRUE,12.8,0
0.790737956022233,23.3621330598732,"H",TRUE,0.8,6
11.3230640533007,-4.29341410135221,"A",TRUE,0.8,4
-22.7016082008757,2.87812201515898,"D",TRUE,20.6,4
13.0560523538413,4.01923131769375,"H",FALSE,0,2
-12.8650384613402,9.18391737589297,"A",FALSE,0,1
2.32626020179865,22.2877982062298,"H",FALSE,0,5
7.35130091922998,-11.9904526167416,"H",FALSE,0,3
15.717117788799,-16.6740780471003,"A",FALSE,0,4
14.9875587632288,-0.691779498217829,"H",FALSE,0,4
0.634612541255782,22.9258529997328,"H",FALSE,0,4
-1.94953760310883,7.52099632321075,"A",FALSE,0,5
11.111125199265,-12.529693912334,"D",FALSE,0,0
-11.7742043988358,18.8957871711519,"H",FALSE,0,1
-22.2895981804907,3.67494815690923,"H",TRUE,21.8,3
-24.0112614414727,0.880464721972007,"D",TRUE,21.8,2
-6.36547239056994,1.5730322453439,"H",TRUE,3.8,2
1.2151759508534,5.7673143053115,"H",TRUE,0.8,3
9.0264891962191,-6.98190785962736,"A",TRUE,0.8,3
-3.05555330469528,14.4026319221619,"H",TRUE,0.2,2
4.25884464077279,-21.159072456045,"D",TRUE,0.2,2
7.0320339209588,-7.97112216609804,"A",TRUE,0.2,3
1.59892184536802,6.09260960784445,"H",TRUE,2.4,1
11.2843676928972,7.44103595532266,"H",TRUE,2.4,2
-7.94599679181472,-2.3475084563781,"D",FALSE,0,2
0.58529142242236,-18.7335939966795,"A",TRUE,2,1
-10.8633312496169,16.4386442862245,"D",TRUE,0.4,2
3.31466629028696,4.29172216620059,"H",TRUE,1.2,1
2.08139658841198,-15.2950894118892,"D",TRUE,1.2,4
5.72499978442244,9.64419476250022,"H",TRUE,0.6,6
-7.65317185856632,9.17528026491177,"D",TRUE,0.6,0
5.09193880201798,-4.10570896973162,"A",TRUE,2.8,3
3.96616782960849,-6.93262969396068,"A",FALSE,0,5
-0.883121388656908,-17.0385905629392,"A",FALSE,0,5
-0.412565311948418,-6.15357734797144,"D",FALSE,0,2
0.815690799763618,12.5724368067989,"H",FALSE,0,4
-2.68152748209451,12.8215962521158,"H",FALSE,0,3
1.38984866582171,12.0411977795602,"H",TRUE,0.8,3
-0.674807780019967,-6.01616968617113,"D",TRUE,0.8,2
-6.93429130495575,-2.7585012861051,"D",FALSE,0,0
5.16675414429981,-6.57798326823417,"A",FALSE,0,4
-1.06570448119833,-13.0726103527583,"D",TRUE,0.2,2
1.2347076257424,-6.96258640526174,"A",FALSE,0,4
-11.5212916410666,-1.4115001807247,"H",TRUE,5,4
-7.15750745334288,3.1792283908543,"H",TRUE,0.4,2
-6.97386638066776,-12.6574018686467,"D",TRUE,0.4,2
-8.00604196083236,-5.47723757057337,"H",TRUE,1.4,1
-9.24243215498262,-4.95850705423059,"H",TRUE,0.6,1
-5.36697740908934,-6.47416167487649,"H",TRUE,0.6,2
5.95678130385599,7.95729047059066,"D",FALSE,0,6
0.2465954882343,13.065274193873,"H",FALSE,0,3
-6.82176985341624,9.6239236497984,"D",TRUE,1,0
-11.4066727251596,15.9198391432258,"H",FALSE,0,2
5.80355895462004,-6.03082094455798,"A",FALSE,0,3
-16.9724149115314,-1.11268253110139,"D",TRUE,8.4,0
-3.44012158532137,18.7244894541897,"H",TRUE,0.2,3
-7.07104886513277,-5.83760500321627,"H",TRUE,0.2,2
-10.7660819026124,-2.51231462203249,"H",TRUE,0.2,3
-7.01759725016408,-3.23396315284176,"H",FALSE,0,1
-7.50903610516545,-0.173190596915667,"H",FALSE,0,3
-5.30573900450715,-3.99394018556771,"A",FALSE,0,1
-6.69693470558125,-20.8873846622335,"A",FALSE,0,1
3.42752060312041,2.82124975603643,"H",FALSE,0,2
-0.304504714179118,-10.7457046202809,"D",TRUE,0.4,0
-8.75025923552422,-8.77958502556309,"H",TRUE,1.4,1
1.04671593044342,15.7008656242874,"H",TRUE,3.2,4
-9.56702014368088,3.75771136854696,"H",FALSE,0,3
-9.6532267894788,-5.42005802699476,"D",TRUE,0.2,0
5.69993672409356,8.78343123400465,"H",TRUE,0.2,5
-0.280743638416983,13.3861201284275,"H",TRUE,0.2,3
-7.89944971885626,20.0701266889761,"D",FALSE,0,0
-11.4842942254591,-4.84557642844895,"H",TRUE,0.2,2
-11.4897358602305,14.2422021667621,"D",FALSE,0,0
7.80579594527702,-8.11684159960902,"A",FALSE,0,6
-12.1272652939892,-5.95524508257726,"H",FALSE,0,3
-1.65735794974524,4.998162596196,"H",FALSE,0,1
20.2722932327835,-3.18983285861853,"H",FALSE,0,5
9.31583407453754,-3.7293115018881,"A",FALSE,0,3
7.3789919827167,-14.8956832157965,"D",FALSE,0,2
15.02325672367,4.36801288917139,"H",FALSE,0,4
15.9950324465002,4.12952296626495,"D",FALSE,0,6
15.0562387469498,6.08273854793682,"H",TRUE,0.6,3
17.6073561254342,1.19410061125633,"D",TRUE,0.6,4
16.3818800471644,7.24241659924077,"H",FALSE,0,3
15.8643115599077,-1.75615278705461,"H",FALSE,0,3
12.1574851360865,-13.4381489292794,"H",FALSE,0,1
-18.053715643629,13.183762896421,"D",TRUE,8.4,2
-18.0163937654399,13.1900170814294,"D",TRUE,8.4,2
12.0650152276769,-21.2562609424948,"A",FALSE,0,7
-12.0022041833177,19.5071804362972,"A",FALSE,0,3
4.29519559676874,-19.635442438865,"D",FALSE,0,4
15.0407755520467,-10.3907868144488,"D",FALSE,0,4
-8.52467437199682,22.294514481023,"H",FALSE,0,3
21.9786024896432,-7.72155875686769,"A",FALSE,0,3
16.0279343109643,-8.96810301768604,"A",TRUE,3.4,2
2.51478550359786,6.90859069290355,"H",TRUE,3.4,3
18.2703452245604,-2.77919656734622,"H",TRUE,0.8,4
7.16516820259642,-4.11776679033239,"A",TRUE,0.4,6
-13.9246306990416,-9.23372938169902,"H",TRUE,3.8,1
-1.36160288345023,20.1764925076048,"H",FALSE,0,4
-9.15598692963797,21.4012099093263,"H",FALSE,0,3
8.35804410720517,-22.2277957146743,"H",FALSE,0,5
18.0378748931455,-0.973385470649426,"H",FALSE,0,3
13.7059175964045,-10.5637936671029,"H",TRUE,0.2,4
-0.716633065027477,8.33056356349441,"H",FALSE,0,3
17.9684815381082,3.374673281086,"H",FALSE,0,4
12.0215573810519,12.8434893001772,"A",FALSE,0,8
2.0888432134463,19.8582040629136,"H",FALSE,0,4
1.2655047630723,1.8140110143729,"H",FALSE,0,3
-2.68370576533836,-18.4997026141591,"A",TRUE,0.2,3
-5.32807844804286,13.9087573699851,"H",TRUE,0.4,2
-10.921623540283,15.2845653626088,"D",FALSE,0,2
-2.46430547214345,14.9050947845505,"H",FALSE,0,3
-2.71749543195412,19.4546207384292,"H",FALSE,0,3
0.340410000875875,-10.5310344901818,"H",FALSE,0,1
-23.6719305578478,-0.628639552766583,"H",TRUE,16.6,3
-4.17029346737456,11.7252160091935,"H",TRUE,0.8,1
1.30261908378532,5.58611120230865,"D",TRUE,0.6,2
-8.79140054167453,18.0050804669753,"D",FALSE,0,2
-10.5919028416461,18.1398399939688,"D",TRUE,0.2,2
-9.81078116189044,5.64206984775827,"H",TRUE,0.2,1
4.01900797073819,-2.75268650642333,"A",TRUE,0.2,4
-15.0754455313582,12.6421712857516,"H",TRUE,7.8,1
-0.0790439775603709,10.5113698617202,"H",FALSE,0,2
-4.14392590413766,9.4664268443624,"H",TRUE,0.2,1
-5.52830520886793,11.1169723279124,"D",TRUE,0.2,2
1.54824635072579,-22.3434958312337,"A",FALSE,0,3
0.702894140722477,12.311592615881,"H",FALSE,0,4
-1.12346181940586,26.5206158520695,"H",TRUE,10.4,8
5.90854607254807,8.14049200962214,"D",FALSE,0,6
7.13205996991434,18.5462674838267,"H",FALSE,0,5
-10.1675215037895,20.9623118963726,"H",FALSE,0,3
7.34697396800141,6.7228055840362,"H",FALSE,0,7
5.6728412790054,-3.10941348810055,"A",TRUE,7.4,4
-11.858099147972,15.0281988997014,"H",FALSE,0,1
0.76515364653043,6.74781425075256,"H",FALSE,0,3
-11.8864473868343,19.6630401445397,"D",FALSE,0,2
-13.9493853939141,19.3455386529684,"H",FALSE,0,3
10.9340962120303,-10.2761702107009,"D",FALSE,0,0
13.4635665308097,7.20312300245349,"H",FALSE,0,4
-10.8053578543513,-3.15083191905128,"H",TRUE,0.6,3
-10.1637503634208,-6.16543192916275,"H",TRUE,1.8,1
-8.80826800147638,1.35813673600805,"A",TRUE,4,3
3.44591302186912,-9.19087841583542,"A",TRUE,1.4,3
5.99977823931587,-15.9812752221961,"D",FALSE,0,0
1.11871415719564,24.4441593426574,"H",TRUE,3.8,7
-0.498270436539078,15.3890252626439,"H",TRUE,3.8,2
7.68613815713713,-3.1380567464245,"A",TRUE,0.6,2
8.561178276934,9.93746077392225,"D",TRUE,0.2,6
17.6917723110706,-3.60500391226904,"H",FALSE,0,3
11.8298406685849,5.79604641868038,"H",FALSE,0,2
19.152399326997,-7.58219166965488,"D",FALSE,0,0
21.3485689948808,-8.78960682464717,"A",FALSE,0,5
3.95461859817292,20.0329049588611,"H",FALSE,0,6
-22.1328175989534,2.2548056584786,"H",TRUE,16.4,2
-22.003362609659,3.20957027117544,"D",TRUE,16.4,2
9.53778325271662,-2.7193044021575,"D",FALSE,0,2
5.23432247668193,22.4018342921652,"H",FALSE,0,7
12.5806115993061,-11.3648593808954,"D",FALSE,0,0
-3.21904394369501,4.98903287618291,"H",FALSE,0,1
-22.1618523770502,4.03692106582097,"H",TRUE,21.8,3
15.7669633273496,-12.0229479021372,"A",FALSE,0,3
9.62971080164641,-3.18245026273516,"A",TRUE,2.6,3
4.63835003495109,23.0063028336016,"H",TRUE,0.2,5
-3.28519681252322,14.5009717435574,"H",FALSE,0,2
9.17902554149044,9.8571387326009,"A",TRUE,5.2,6
-9.35883827419702,-6.93856168022304,"D",TRUE,0.8,2
3.09344164289072,4.35449121333868,"H",TRUE,0.2,1
6.07508830325913,8.42053743569218,"A",TRUE,3,5
-19.423288924723,4.02521822362801,"A",TRUE,11.6,1
-7.65579766468556,17.2313836303159,"D",TRUE,4.8,2
7.0794113808339,10.1476508162392,"D",TRUE,0.2,6
-1.91358529516603,-11.1292328240158,"D",TRUE,0.2,2
9.55028603838596,15.6381052706747,"H",FALSE,0,7
4.25339828644961,-5.67109030824734,"A",FALSE,0,4
-2.77184426036676,-4.57856520823247,"D",TRUE,4.6,0
-1.13182313196748,18.9161147010924,"H",TRUE,4.6,4
-10.005579554993,3.9207391523186,"D",FALSE,0,0
2.78863675815605,11.641959716449,"H",FALSE,0,3
0.796879039797053,-6.94180213294666,"A",TRUE,0.2,2
-7.57558334379802,12.274836252736,"D",TRUE,0.2,2
0.511793804214703,-9.81377063154142,"H",FALSE,0,2
4.30878510446761,5.40348123643387,"H",FALSE,0,3
-6.2474413631608,17.352112406649,"H",TRUE,0.8,1
-15.7089018454528,13.0898821352804,"D",TRUE,8.4,0
0.768465279318486,24.823728483588,"H",TRUE,5.4,8
-10.1464452295716,10.7309856687656,"A",TRUE,2.4,3
9.08621305039953,14.4966662739104,"H",TRUE,1.6,10
4.64421583374202,-6.38670825787295,"A",TRUE,0.2,3
-10.5664243423777,21.3928025450759,"H",FALSE,0,4
-10.7412030357684,14.9234328905598,"A",TRUE,0.2,1
-8.01495499918652,-11.1324213590102,"D",TRUE,0.2,0
-3.16534347625338,-15.3028311376412,"A",FALSE,0,2
1.3509094299407,11.1210966567481,"D",FALSE,0,4
-11.3619779123672,-1.54334421913136,"H",TRUE,3,3
-6.70756773323983,16.242364463338,"D",TRUE,3,2
-3.62011063072983,20.6910428669457,"H",TRUE,0.6,6
-9.26165355930261,-11.016225406737,"D",TRUE,6.2,0
5.67873593308274,-12.4455403609623,"D",TRUE,1.2,4
-7.34757951577367,11.0107337682498,"H",FALSE,0,1
-4.65979697480308,3.37950697639656,"D",FALSE,0,0
-3.54016981044993,20.307914960227,"H",TRUE,2.4,5
-6.8906119767013,12.9917010679209,"H",TRUE,2.4,3
-7.14108051018606,15.4405056865683,"H",FALSE,0,3
-3.14407046968242,-14.4684547667614,"A",FALSE,0,2
-6.47856773812915,17.5051325951174,"H",FALSE,0,1
-5.21763750044732,-14.5570425042324,"H",FALSE,0,3
2.49370316215887,12.5264166905355,"H",TRUE,0.2,4
-3.66106055835145,18.3410855416666,"H",TRUE,6.6,2
-15.953803261484,-3.6686215175857,"A",TRUE,6.6,1
-3.72756218970788,20.2516513942988,"H",FALSE,0,5
9.14932824594416,4.72080960792572,"H",FALSE,0,3
-0.75658047934274,-13.5265541542492,"D",FALSE,0,2
5.19717707756863,0.552509640613753,"D",FALSE,0,4
-6.65765644195689,0.926646414209094,"H",TRUE,4.4,4
7.55187216923293,-15.7424734132611,"D",FALSE,0,0
7.80778097033873,5.49042474426302,"A",FALSE,0,2
3.59704541797822,-12.4292050758393,"H",FALSE,0,4
0.493336717038293,6.76811299238291,"D",FALSE,0,2
-4.5174203626912,17.0274521671903,"H",FALSE,0,2
9.54437341491272,-8.84868347807936,"A",TRUE,1,1
10.4500893829089,-9.39806466600376,"H",TRUE,1,1
9.53608427440013,-3.03692670717453,"D",TRUE,0.2,4
8.69760621895003,-7.52350801891367,"A",TRUE,0.4,3
-2.41519667433434,23.7933273073127,"H",TRUE,7.6,5
-0.562412448973818,8.88963573716715,"H",TRUE,0.2,3
-10.6175064383853,19.8341022797156,"H",TRUE,0.2,1
16.433912374562,-17.2653801950804,"A",FALSE,0,4
12.7343807362831,2.08656422514354,"H",FALSE,0,2
17.9926336909554,-7.36965777732135,"H",TRUE,2.8,3
25.4553638684779,-4.86011474829407,"A",TRUE,9.8,4
12.9804148436663,1.37844528862112,"H",TRUE,0.2,1
12.1763269204615,-12.8287942021114,"H",FALSE,0,1
-4.19221460198139,-4.2303184441487,"D",TRUE,0.2,2
-4.02185322292903,14.5858225131316,"H",TRUE,0.2,2
-12.2632809911986,15.8769276947824,"H",FALSE,0,2
4.88714255035161,12.3429584698733,"H",FALSE,0,4
11.7334710820068,-5.55284658810069,"A",TRUE,0.4,3
1.11832535423603,-23.3514165329282,"D",TRUE,0.4,2
-11.9421536947386,-10.1121759387108,"H",TRUE,0.2,1
21.9334448762164,-7.35946261340292,"A",FALSE,0,3
-0.931747720405053,22.9153865968119,"H",TRUE,5.6,5
6.05609022500267,13.5253518696858,"H",TRUE,5.6,5
-23.8159566220273,1.13241322753948,"H",TRUE,23.5,3
-23.9730402928536,1.31576531902272,"H",TRUE,23.5,1
-11.6691662593811,-8.10411718813401,"H",FALSE,0,2
8.59006675404394,-5.36030759146963,"A",FALSE,0,4
-13.6938128029781,2.69976137383394,"D",TRUE,5.6,4
-12.2312698037743,20.3330836783583,"A",TRUE,1,1
-3.5562904750632,-9.08637007695143,"H",FALSE,0,2
1.78030701336759,-16.0222837883614,"A",FALSE,0,3
-0.566615035468789,1.14568847630994,"H",FALSE,0,4
0.634506329117504,-4.73297852388131,"D",FALSE,0,4
-6.10916431491394,13.2935831188785,"H",TRUE,0.2,2
3.86499697555861,-2.64906163405627,"A",TRUE,0.2,3
-7.68936614545202,-13.3154298094154,"D",TRUE,0.2,2
1.90351526676981,17.0590135301965,"H",TRUE,0.2,2
-10.5691695284684,-3.48691030752221,"H",TRUE,1.2,3
26.4152423377491,-0.908908017767668,"A",TRUE,9,5
24.8852634017938,-0.563440197996526,"A",TRUE,6.4,6
-23.4777972507639,1.43566736259893,"D",TRUE,27,0
-9.80315727306789,6.51513152299389,"H",TRUE,2.4,1
-12.1247316864602,4.59034037407637,"D",TRUE,2.4,2
3.07504347269783,-21.2069105336404,"H",TRUE,0.4,3
-3.51319896805551,10.4085963708504,"H",TRUE,0.4,3
-19.8408013569041,7.18251004462371,"H",TRUE,13.8,2
-20.2841919095957,7.28365208201044,"H",TRUE,13.8,3
3.50570367550685,-17.5265816716348,"A",FALSE,0,5
-2.97036242562717,-10.3324207971731,"H",FALSE,0,2
-0.416119436647418,15.8646929814694,"H",TRUE,0.2,2
-4.30324361391209,-11.0125242763285,"H",FALSE,0,4
-20.4064241254371,7.6901171354249,"D",TRUE,18.8,0
25.7376308640955,-1.21345298588493,"A",TRUE,18.8,6
7.3425112422893,-6.93540817101183,"A",FALSE,0,3
-2.48413448773075,-9.7399584951263,"H",FALSE,0,2
-0.461216299695265,14.3136407899649,"H",TRUE,2.4,3
-2.60316352019903,-2.36228032757725,"H",TRUE,0.2,1
-16.0108796904904,-2.26713538497755,"D",TRUE,8.2,0
-1.56425397085477,-21.4473865999872,"A",TRUE,8.2,5
13.2180239825757,8.69985685553642,"H",FALSE,0,5
1.68825734111544,4.20600994314118,"H",FALSE,0,1
-0.61375743746133,-15.9751847913493,"A",TRUE,0.2,4
-15.9229611943005,-2.41996771599934,"H",TRUE,7,1
3.75352652499896,-11.1132703473661,"H",FALSE,0,4
-2.99884567526114,-0.399807591074219,"H",FALSE,0,1
10.7826091006801,-17.6637845942577,"A",FALSE,0,1
8.19933551455992,20.840240792814,"H",FALSE,0,6
7.04276251376715,0.398400524217942,"H",FALSE,0,5
1.38130157597594,-3.46490030699859,"D",TRUE,1,4
11.5811727406593,-9.36651134683337,"D",FALSE,0,2
8.08871362864967,-4.22468609100605,"A",FALSE,0,4
-0.605657193014447,14.8561507189194,"H",TRUE,3,3
0.451763351218754,22.1723666119386,"H",TRUE,4,6
-3.1059270413391,-0.905081240421968,"H",FALSE,0,1
15.3410520867519,-3.83003129406409,"H",FALSE,0,4
-12.3727698483526,20.5370192218315,"A",FALSE,0,3
13.8352383922324,5.66308263774176,"H",FALSE,0,4
13.9988399361356,-7.68798055506986,"D",TRUE,1.4,4
-5.64814471052916,5.26421271265058,"H",FALSE,0,3
9.1784362976075,-10.714843426158,"H",FALSE,0,1
10.6761444306761,2.79243754554912,"D",FALSE,0,0
5.98450577943349,-12.1625460006265,"D",FALSE,0,4
-11.071307015488,-8.27156613404725,"H",FALSE,0,3
17.8641384464655,-2.41966297296982,"H",FALSE,0,3
13.4820494571602,1.19133632799102,"A",FALSE,0,1
-1.39809831506067,5.51542440543964,"H",TRUE,0.4,2
15.4412935705003,7.92465127385332,"H",TRUE,0.8,4
12.4790582821337,1.68417060852793,"H",TRUE,0.2,1
17.7012887401305,-10.626191935494,"A",FALSE,0,3
15.8067064455382,-16.6126018247415,"D",FALSE,0,4
2.54429235153843,20.3682329431608,"H",FALSE,0,6
1.28046187559384,9.0080626360992,"D",TRUE,0.2,4
16.9219608628565,-9.14960857703252,"A",TRUE,0.2,1
-12.7279785046023,8.87415859144585,"D",FALSE,0,2
-5.29550268723298,5.07480014213325,"H",FALSE,0,3
11.0645198108246,-15.6447301260255,"H",TRUE,0.2,2
8.74422793715395,-15.0472591650261,"H",TRUE,0.2,1
1.21618971743145,9.17215612884979,"D",TRUE,1.8,4
12.8341563917374,-5.68122744437441,"A",FALSE,0,5
3.15722110127621,-1.97995097134184,"A",FALSE,0,3
12.0432652257606,-8.0735622961393,"H",TRUE,0.2,2
-12.5313592211498,17.5100484130883,"H",TRUE,2.4,3
-12.5070208667385,12.6134042222918,"H",TRUE,2.4,3
-1.43439441367407,-21.6989635542667,"D",TRUE,4.4,4
4.86946689480874,-20.2016269995226,"A",FALSE,0,3
-21.4266486245344,5.3056808917169,"A",TRUE,15.2,3
-20.0514584553564,6.87167393056149,"H",TRUE,15.2,2
0.581765103125241,9.22120406046983,"H",TRUE,0.2,5
2.94424050410283,-21.843947055937,"H",FALSE,0,3
-7.27276338533727,10.2094734882776,"H",TRUE,0.4,1
4.8955377237117,15.866766710292,"H",TRUE,0.4,3
-3.10914582023052,-10.1532530012343,"H",TRUE,0.4,2
-1.43781662621784,-11.7108589575306,"D",TRUE,0.4,0
-0.116561599853599,0.692122968384253,"H",TRUE,0.2,5
-3.23189000469779,-12.0863056860924,"H",TRUE,0.2,2
5.29296816685028,0.075634938246739,"H",FALSE,0,5
-5.24987868465835,9.0816617223015,"H",FALSE,0,3
-15.8818207357275,-0.675488171132293,"H",TRUE,8.8,3
-18.5840071614057,7.72361439371546,"H",TRUE,8.8,2
-1.05940961769966,-9.37217041578944,"D",FALSE,0,0
-1.22902413493201,-11.9255573689108,"D",FALSE,0,0
-6.97749507066142,-21.2232360905236,"D",TRUE,1,2
10.0786145610988,15.8871794641072,"H",TRUE,1,8
-11.5789282711135,-9.39905700222635,"H",TRUE,0.8,2
-1.087945730841,11.8353661176787,"H",TRUE,0.6,3
-3.12604270040648,-18.0765188449905,"A",TRUE,1,2
-5.26430660034424,7.93246643108256,"H",TRUE,1,3
-7.84398993123431,-11.8550348562964,"D",TRUE,1.4,2
1.25481885333931,13.8351120094244,"H",FALSE,0,5
-3.62844644399573,-15.6196846441686,"A",FALSE,0,1
-11.9065004398601,4.57557114505533,"H",FALSE,0,3
-10.4933490191693,-3.07133902080064,"H",FALSE,0,3
-11.7931598888553,4.58889547855098,"H",FALSE,0,1
-1.39252483812457,-6.50130527239127,"D",TRUE,0.2,2
-18.1209436742916,8.4455150677496,"D",TRUE,6.4,4
0.553019695403984,-9.05430555042845,"H",TRUE,3.2,2
-0.436174636642912,-13.7617601712696,"A",FALSE,0,3
5.59766800329694,0.305853280255947,"H",FALSE,0,5
17.1810574168428,-12.8187199830031,"A",FALSE,0,3
-2.04439348421896,12.0752382866439,"H",FALSE,0,3
-11.9778928409523,4.31357551909285,"D",TRUE,2,2
2.07282343836923,-5.25246187926628,"H",FALSE,0,7
-0.362976888530591,-13.7536317171079,"A",FALSE,0,3
4.54147896867781,14.2871867082653,"H",TRUE,0.2,5
-4.40066336928528,14.6372489856956,"H",TRUE,0.2,3
5.65843048787405,-14.4245905925199,"A",TRUE,0.2,1
10.9519567479734,-11.9084483976725,"A",FALSE,0,1
10.8943606664304,-16.8710120985822,"H",FALSE,0,1
-4.5684263381061,0.384859585004542,"D",TRUE,4.4,0
-5.16176151019889,-21.0818319117222,"D",FALSE,0,0
-11.9846597243887,-8.06355831368498,"H",FALSE,0,1
-11.5085936702959,2.23733328336201,"A",FALSE,0,1
10.5738526431134,-16.0979570748407,"D",FALSE,0,2
-7.2687272330769,21.1813656093659,"A",TRUE,0.2,1
13.823616090841,-10.6908572384739,"H",FALSE,0,3
10.5608970275026,-13.7976691138884,"H",FALSE,0,2
10.4130385694477,2.62820664818779,"D",FALSE,0,0
3.34997857036357,22.5115626087237,"H",TRUE,0.2,5
-2.26244023812328,6.7012334161592,"H",TRUE,0.2,4
17.1594252408015,-11.65572851522,"D",FALSE,0,4
20.1496249390683,-8.86147197338217,"A",FALSE,0,2
16.4927694476552,-14.6203719314047,"D",FALSE,0,4
15.5058276843748,-7.92544305082772,"A",FALSE,0,3
21.8841901397387,-5.78365446100125,"A",FALSE,0,7
-17.1040461394907,-0.347292552216355,"D",TRUE,11.4,0
1.46052910267212,9.32310742878636,"A",TRUE,3.2,3
7.8977957806452,-18.7895300457389,"D",TRUE,3.2,0
-12.3894709839061,17.4709545075623,"H",FALSE,0,2
12.6380997140165,2.01610335444979,"H",TRUE,1,2
16.533275804224,-1.21397934009205,"H",FALSE,0,2
11.2463079540872,2.49632897788514,"H",FALSE,0,1
7.17296564273316,-22.3880894149466,"H",FALSE,0,5
15.0170618545867,3.64128712453012,"D",FALSE,0,4
13.6885351590656,-16.3174582858305,"A",FALSE,0,4
12.6552993975033,-8.46030539749159,"H",TRUE,0.4,3
-8.52256029789717,-16.3974581997597,"H",FALSE,0,2
-6.54899819160736,-7.64089940525185,"D",FALSE,0,0
-11.6187893542552,1.43534129335253,"H",TRUE,3.4,3
-6.91557872434638,0.256243925235278,"H",TRUE,3.4,3
8.07187127891378,-7.71860869781818,"A",TRUE,0.2,4
3.52008123352413,12.4599644227315,"H",FALSE,0,4
-1.7054454656903,-0.202827409112793,"D",TRUE,7.6,2
-3.98750390475011,-4.28261123331809,"D",TRUE,0.4,2
-5.46161883577932,10.5651285799647,"H",TRUE,0.2,1
-2.09040851069277,10.0194124136375,"H",FALSE,0,5
-5.14047081674286,-21.1264679045575,"D",TRUE,2.2,0
-5.56573349926591,-1.36904699117921,"D",TRUE,2.2,2
3.61710404116294,12.0842196993396,"H",FALSE,0,4
-10.6986837378272,5.22432711687166,"A",FALSE,0,1
-10.9749536349046,13.634086791475,"D",TRUE,1.8,0
2.65671381608233,-6.92889759906882,"A",FALSE,0,3
4.39113070807388,5.83294330689685,"H",FALSE,0,4
-0.441487284131012,-2.82716381647149,"H",TRUE,2,3
3.12464804382637,-2.02901679561089,"D",TRUE,0.2,4
-4.15264754682157,14.3010226703581,"H",TRUE,0.2,3
-6.01836415011416,2.55445698159585,"H",TRUE,1.2,2
8.51881390689309,-0.934797155092426,"H",TRUE,1.2,3
-15.9725632714065,-1.84421244585916,"H",TRUE,5.6,1
1.04335562260809,16.8304754060969,"H",TRUE,5.6,2
-1.82819753662555,-19.212000704706,"D",TRUE,3,4
-10.3048493938842,7.82685185651385,"A",TRUE,3,1
5.25544815191399,-1.16713772212733,"D",TRUE,3.6,6
-4.21257914496591,19.9630166262557,"H",TRUE,3.6,5
1.3148587332747,-5.330238381013,"D",TRUE,1,4
-4.24637121998862,-5.35825225054671,"A",FALSE,0,1
-11.8769441997647,14.4446172900855,"D",TRUE,0.2,0
-4.4979534776961,7.01762879329058,"H",TRUE,0.2,2
-13.6031201395589,14.6924423382012,"H",TRUE,6.8,1
-19.7200466195718,4.71353579117445,"D",TRUE,14.4,2
-0.293129963929823,1.91971388874645,"H",TRUE,3.8,6
-12.1527653053165,4.55193153940529,"H",FALSE,0,3
-7.97446443696782,-9.84532656933747,"H",FALSE,0,1
-8.55055393112686,15.3126078986446,"H",FALSE,0,3
2.10049413471593,-2.3233488847646,"A",TRUE,3.8,3
-5.13423672631134,-7.37780367916187,"H",TRUE,3.8,1
-6.40598628931796,10.2534998048384,"D",TRUE,0.6,2
-8.54593071390062,14.8570949714769,"D",TRUE,0.6,4
-12.5763626966394,3.42888166186986,"D",FALSE,0,4
3.35709224052351,16.018170414719,"H",FALSE,0,3
4.30857345042726,23.1731903848912,"H",TRUE,3.2,4
13.8275785966036,-2.03209659214234,"D",TRUE,3.2,4
6.96212025409573,10.0497361994633,"D",FALSE,0,6
3.65333114602357,-12.4612459946377,"H",TRUE,1.2,3
-1.25697411015458,-17.8013772372762,"A",TRUE,0.2,3
8.51694335310945,4.77212628872795,"D",FALSE,0,2
13.9271321572804,7.03532219654454,"H",FALSE,0,4
3.64564320588876,2.80602369409472,"H",FALSE,0,2
1.74756161108136,-1.73962638840799,"D",TRUE,0.8,2
9.22077644362689,-10.5679273768329,"H",TRUE,0.2,1
6.16472867846487,-12.1761049944984,"D",TRUE,0.4,4
-1.84143407430135,7.39566320888896,"A",FALSE,0,5
17.35027843364,1.53620620492828,"A",FALSE,0,3
-23.0252570483871,2.86808889362697,"H",TRUE,27,5
15.2142524314275,7.85994051318015,"H",FALSE,0,4
14.0544735822759,3.71480585060568,"D",FALSE,0,2
17.0910837793641,-16.2529179375192,"A",FALSE,0,7
11.0873419017796,-18.0904710625157,"H",FALSE,0,3
7.89374832111971,-18.6665773918641,"H",TRUE,0.6,1
2.51105156549408,21.9008724295056,"H",FALSE,0,3
7.53063563213797,-12.021453571184,"D",FALSE,0,2
-11.5470111168857,1.00469091785645,"H",TRUE,3.2,3
9.6386641716216,-3.85164237706988,"A",TRUE,2.2,3
-12.154068836694,16.8493006906863,"H",FALSE,0,1
13.5133709579882,3.07620907798566,"H",TRUE,1.6,3
5.89330023174552,-21.3678811566635,"H",FALSE,0,2
5.63435188555599,12.6929350832958,"H",TRUE,7.8,5
-16.6377885973121,3.59205713075592,"H",TRUE,7.8,3
-3.21600967910624,-2.26111193188685,"D",FALSE,0,0
3.73060654346843,-11.3538353233408,"H",FALSE,0,4
-11.6371151298452,2.10349185741841,"D",FALSE,0,2
2.311863693705,15.0774497816166,"H",FALSE,0,5
-1.98816061860969,-6.9147759763648,"D",TRUE,1.6,2
-23.6107804370554,-0.716898074572524,"H",TRUE,18.2,5
-6.0617665384695,-11.8499131103579,"H",TRUE,0.2,3
-7.8879384892807,-8.42246264629181,"H",FALSE,0,4
-1.52784759711034,20.3594026940769,"H",FALSE,0,5
5.80548821900057,13.2306412572881,"H",TRUE,4.4,4
-0.603488118136256,-11.9992860061583,"H",TRUE,0.2,1
-0.456532917626432,16.1197196084721,"H",FALSE,0,3
-9.4973194868101,15.9132765605837,"H",FALSE,0,3
0.0930006778891341,6.9169926291078,"H",FALSE,0,1
-3.93644738582758,-10.5764711939489,"H",FALSE,0,3
4.9963314443059,9.30340011828833,"H",TRUE,0.4,6
-18.3380942389793,7.37150868020084,"H",TRUE,6.4,2
-9.03753121335962,-10.0697171144803,"H",FALSE,0,2
-1.70878981864836,16.9453608302582,"H",TRUE,3.4,4
-4.90948404255339,8.72724300279101,"H",FALSE,0,3
-2.06089600147209,-8.50548423324326,"H",FALSE,0,2
-12.6357709963343,3.31389552282542,"A",TRUE,2.8,3
-0.499892670448319,1.04488839342491,"H",TRUE,0.6,4
-7.89913949191409,9.40870559378953,"H",TRUE,0.6,1
-10.9154536541632,-2.38229389810873,"H",TRUE,0.8,2
-0.777151751417007,0.841742829309172,"H",TRUE,1.4,4
-2.84952140361805,23.500540569801,"H",TRUE,7.4,4
6.19598679066693,12.0361864222306,"H",TRUE,3.2,5
-12.6611699889857,-9.1873298586539,"H",TRUE,0.8,3
-0.911894965303859,7.7514571221801,"A",FALSE,0,3
14.4549547826183,-10.4844537762251,"D",FALSE,0,4
14.4702749259646,-1.0215585969511,"H",FALSE,0,3
12.77168178979,-9.23945854974766,"H",FALSE,0,3
15.5976768435864,7.6457971640042,"H",FALSE,0,4
-9.81327392056163,21.0398555385918,"H",FALSE,0,4
6.29550245159069,0.381979620541487,"H",TRUE,0.2,6
-5.41190785274972,3.29000248042065,"H",TRUE,1.4,1
-11.4814640796565,15.8750280630058,"H",TRUE,1.4,2
13.3703079676941,-12.265437062714,"H",FALSE,0,2
-1.01435647232942,15.0076291866924,"H",FALSE,0,3
18.0337861806082,-2.96554233716665,"H",TRUE,0.4,3
6.0511485194418,10.6744093475009,"H",FALSE,0,7
-17.3696304789986,10.7755543426569,"H",TRUE,14.8,2
15.4147678340241,-1.37631191386372,"H",FALSE,0,4
5.9965718921152,22.0162235773046,"H",FALSE,0,6
4.77448609555244,21.0842111112663,"H",FALSE,0,7
17.1845455502079,-17.4409062749008,"A",FALSE,0,5
-14.222081990412,9.21278026166378,"A",TRUE,6.8,3
17.1637229689621,-1.29196417313596,"H",FALSE,0,2
16.1368094248539,2.37360559311952,"D",FALSE,0,2
3.11148971967424,8.69780522516668,"H",TRUE,7.2,3
-11.476787877512,14.1496324610063,"D",TRUE,0.2,0
-4.71722062214678,-3.49628520032327,"D",TRUE,0.4,0
12.0879047244226,1.04979493063479,"H",FALSE,0,2
-2.55772308217314,-4.28505078899701,"A",TRUE,2,1
-5.98788879862468,21.5565348907229,"H",FALSE,0,2
12.1640223309753,0.961395134889027,"H",FALSE,0,1
12.5606383464165,-2.88664222504241,"H",TRUE,0.4,6
3.6943627744802,12.7762318808295,"H",FALSE,0,5
3.45259648590831,0.750395709153374,"H",FALSE,0,3
3.09699034304314,3.90057231430092,"H",FALSE,0,1
-2.59755320215213,-1.379751641455,"H",FALSE,0,1
-2.99166472806353,-21.2272129102114,"H",TRUE,4,2
-5.16012093330502,8.89706904620144,"D",TRUE,0.2,2
1.64546068973504,15.1753148700534,"H",FALSE,0,5
-10.6142117733532,14.8462413410557,"H",FALSE,0,1
-8.715509180043,14.8904527615026,"A",TRUE,0.4,4
-6.52844166406061,14.6973585501378,"H",TRUE,0.4,4
-1.21585437933347,26.4985253500007,"H",TRUE,12,6
-18.583655520634,7.56822818153989,"H",TRUE,7.2,2
-5.85613172800356,7.37570348948331,"H",TRUE,0.2,1
-5.57248899136642,10.1576100032264,"H",TRUE,0.2,1
2.72630858508946,-4.91138799393665,"D",FALSE,0,6
-19.2835309271376,7.25725168178888,"H",TRUE,10.4,2
3.23448104541209,18.5627426069853,"H",TRUE,10.4,7
-1.37253022779768,24.076559587551,"H",TRUE,4.6,5
-14.0031728243029,2.56896437451309,"D",TRUE,8.2,4
-9.03142764856749,16.3420615516814,"D",TRUE,2,2
-9.71616459069686,-5.51121836747715,"D",FALSE,0,0
3.29006546682328,16.3585779272171,"H",FALSE,0,4
1.90400531653335,13.6443152774432,"H",TRUE,4,5
4.23920131014432,-2.96231512104377,"A",TRUE,2.4,3
-5.84154362074019,7.24265289117678,"H",TRUE,2.4,2
5.83930281535404,17.9886203670583,"H",TRUE,5.4,6
-9.62671011949346,5.9579271733117,"H",TRUE,3.4,1
-2.06543637780943,11.8557288198988,"H",TRUE,0.2,3
1.08854012996702,-7.15744199199586,"A",FALSE,0,3
-4.68576776617051,11.4062485452423,"H",TRUE,0.8,2
-10.1226883141106,16.0540814596668,"H",TRUE,0.2,3
-14.2346941322659,-7.1694065206061,"H",TRUE,5.4,3
-3.00687099221634,24.3626693141068,"H",TRUE,12.2,3
24.5571410203773,-0.57338178571929,"A",TRUE,12.2,4
-19.7649316010053,0.444417234551074,"H",TRUE,9.4,5
-19.1983877409511,6.24363874108647,"D",TRUE,9.4,2
15.1193926391752,-10.9576313678896,"A",FALSE,0,4
17.2085198764381,-0.994997694484251,"H",FALSE,0,5
-9.76304663615916,-8.98916470106343,"H",TRUE,1.2,2
15.0526307799537,6.69745034700804,"H",FALSE,0,5
11.5594014442644,-14.0088871156655,"H",FALSE,0,1
15.3684146887885,2.98910074165014,"D",TRUE,1.4,2
10.7420355807476,-10.6333304201369,"H",TRUE,1.4,1
11.1350317328816,12.940111958753,"H",FALSE,0,9
9.54046349832739,-5.85068813947225,"A",TRUE,0.6,2
14.6354429069161,-16.5514326670139,"A",TRUE,1.6,2
2.40630764572468,20.0577955283754,"H",FALSE,0,5
2.20264023691923,20.0776873282695,"H",FALSE,0,4
18.6574629013633,-3.00803080808277,"H",FALSE,0,4
-3.63105813169651,23.7600816823134,"H",TRUE,11,6
16.6217862208488,-0.611210387537954,"H",FALSE,0,2
15.0235914879208,4.94176089522597,"H",FALSE,0,5
16.996871456723,-11.6537788079224,"A",FALSE,0,3
-22.4091703786227,1.09435204471031,"D",TRUE,18.2,2
-10.1766583038229,-15.3330717963435,"H",TRUE,2.4,2
10.457514640982,-13.6457018275698,"H",FALSE,0,2
11.5240482484187,-9.05001095054936,"D",FALSE,0,2
-16.8610912979354,-0.691968705128007,"H",TRUE,10.4,1
7.5585695995788,-4.89503585804827,"A",FALSE,0,6
13.9172474102378,-1.78387335232361,"D",FALSE,0,4
14.3161653055846,-1.25257138425338,"H",FALSE,0,4
-1.04080087726162,-16.1610157525112,"A",TRUE,0.6,3
-0.884157284904879,-14.2930935924783,"A",FALSE,0,1
9.45791858473566,-7.37618059366918,"D",FALSE,0,2
3.50125625413316,12.3259481501631,"H",FALSE,0,4
5.76235639286115,-13.9667842719877,"D",TRUE,0.6,2
5.31352788344766,-15.6522767186657,"D",TRUE,0.6,0
1.67943430222018,-5.2719941962961,"H",FALSE,0,5
2.59935882970974,2.40464098535573,"H",FALSE,0,4
4.52541477767405,9.53988270158095,"H",FALSE,0,6
-9.3379647138651,-1.22138359872039,"H",FALSE,0,2
-9.04286952677261,16.2711477439165,"D",TRUE,1,2
1.60565901630204,12.8957896859482,"H",TRUE,1,4
-3.93722105627229,-21.7143493300422,"H",TRUE,1.6,1
-10.4226574212613,-10.9067664140613,"H",TRUE,1.6,2
-14.0504253130097,16.3549501230333,"H",TRUE,1.4,4
18.2989964395964,-1.50054001821307,"H",TRUE,1,3
10.1005376068264,-2.00756448179024,"D",TRUE,4.8,2
18.9680567024921,-8.34127418005096,"A",FALSE,0,1
9.75684840412077,-1.34338377088127,"D",FALSE,0,4
-1.84989266749462,7.24244008792138,"D",FALSE,0,4
7.18548102505542,-22.4113445718006,"H",FALSE,0,4
17.8038284898352,-18.2058408837854,"H",TRUE,1.6,5
7.46554669661862,-11.9018360815979,"A",TRUE,1.6,3
0.730175755506537,18.4567029411386,"H",TRUE,4.6,2
-1.03122679578416,-2.40023648533514,"H",TRUE,4.6,3
-11.4334392112805,6.917331017843,"H",TRUE,1,1
-3.57212232829362,4.42189563149656,"H",TRUE,0.6,1
5.69753757796539,-13.8563176104625,"D",TRUE,0.6,2
4.21252412916961,-17.8770146603465,"D",FALSE,0,4
-1.36096960154247,-2.38243133733029,"D",TRUE,4.2,2
-16.4344587641621,-0.215908238475222,"H",TRUE,12.4,2
-16.1188403161888,-0.67245908693925,"D",TRUE,12.4,2
-0.627621261325791,-23.0169093370505,"D",TRUE,3.4,4
-6.84236921531666,11.0854716723435,"A",FALSE,0,1
3.06265770125624,-0.505080860906542,"H",FALSE,0,5
0.769915627112461,4.57416320424774,"H",TRUE,0.2,3
-1.95390766521325,-20.0597675961649,"A",TRUE,3.8,3
5.31837112214486,16.7526591409538,"H",TRUE,2,5
-19.499804998076,4.29192206746094,"A",TRUE,10.8,1
24.7189190346387,-2.60140897044949,"A",TRUE,8.4,3
0.92979997290523,-21.7381316550124,"A",FALSE,0,2
-2.58653913829359,-21.136420577643,"H",TRUE,2.6,3
-1.76982775971711,-19.6490175871617,"A",TRUE,2.6,2
1.14593174632754,-22.1023150426992,"A",FALSE,0,3
-9.01219223071922,-10.0437747433801,"H",FALSE,0,2
-1.7163245111024,14.0140571589582,"H",TRUE,0.6,3
7.47882992288861,-1.2682367800457,"A",TRUE,0.6,1
-1.31833327446963,-6.4262104995762,"D",FALSE,0,2
-10.6082287900125,11.1145325626765,"D",FALSE,0,4
-2.25768082880208,-7.06321386542764,"H",TRUE,0.2,3
-10.5443702168467,-10.574536673766,"H",TRUE,0.6,2
-20.8041821397016,0.0949959229169794,"H",TRUE,12.2,4
-1.31582961894909,-19.5524489900689,"A",TRUE,0.2,2
14.2387384959613,-15.820090512783,"A",FALSE,0,3
15.6898826263854,-8.37679081020712,"A",FALSE,0,2
16.7095355219597,-10.7655772208113,"A",FALSE,0,1
18.0218712507466,-8.89673349902801,"H",FALSE,0,3
18.0887774180324,-10.3744239291486,"A",FALSE,0,2
1.99454827242457,6.004284379547,"D",FALSE,0,2
11.4402381126245,9.04561023820456,"H",FALSE,0,4
0.216869007890487,-23.3893655837754,"A",TRUE,2,3
-23.9653504245623,2.35203159244523,"H",TRUE,31,4
-0.379633147134095,-2.74365433233654,"H",TRUE,5,3
2.87333858111073,-4.87160288877628,"D",FALSE,0,6
2.7049413365528,-4.14604029016581,"D",FALSE,0,6
-23.969233411028,0.766119789102406,"D",TRUE,21,2
-22.7024625153933,1.01925418164968,"A",TRUE,21,3
-0.883827455631168,-19.1116039847122,"A",TRUE,0.8,1
-11.3804087257989,-11.6056468577614,"H",TRUE,0.4,3
-13.8273991011348,-9.20474461785248,"H",TRUE,3.8,2
2.92009590496697,14.7567812748297,"H",TRUE,0.2,5
-5.87275708928025,2.61720855487125,"H",TRUE,0.2,1
8.07738401877065,-6.760850092356,"A",TRUE,2,3
-10.5076789136443,-11.2979220401353,"H",TRUE,0.2,2
3.99353088562642,-6.58706858098903,"A",TRUE,0.2,5
-5.55049589478716,-20.8893346268665,"D",FALSE,0,0
-1.45244701833023,-19.15605811372,"A",FALSE,0,3
-8.22130408234735,-16.2354200273364,"H",FALSE,0,3
4.40858355641256,-3.63851636667642,"A",FALSE,0,4
-2.20284539211214,16.884556567328,"H",FALSE,0,4
-5.7221170018586,-12.1310958216635,"H",TRUE,0.2,2
-2.41088352991225,-20.5204007809268,"D",TRUE,6,2
-10.4888837975933,9.61819771049689,"A",TRUE,6,1
-7.79613732960827,-13.1364759811144,"D",TRUE,3.2,2
-9.08713106955326,-14.1112673866717,"D",TRUE,3.2,0
-2.66848499730226,-4.461949215399,"D",TRUE,3.2,2
-1.77482073740713,-16.0148407995422,"A",TRUE,0.6,2
1.60105978561662,1.93821063714953,"H",TRUE,3,3
-19.8211820041867,-3.94551117776837,"D",TRUE,12,0
-20.4474432687617,-0.0792174780243224,"H",TRUE,12,4
0.339847644596616,-3.25066075947896,"D",TRUE,2,4
1.75230705975244,-18.343555785442,"D",TRUE,0.2,2
